{
    "model_name": "scaling_clip",
    "dataset": "cue_conflict",
    "shape_bias": 0.5151148730350664,
    "shape_bias_per_cat": {
        "airplane": 0.5789473684210525,
        "bear": 0.5405405405405406,
        "bicycle": 0.8166666666666667,
        "bird": 0.5609756097560975,
        "boat": 0.41935483870967744,
        "bottle": 0.4356435643564357,
        "car": 0.47727272727272724,
        "cat": 0.4905660377358491,
        "chair": 0.45714285714285713,
        "clock": 0.5544554455445544,
        "dog": 0.42857142857142855,
        "elephant": 0.32786885245901637,
        "keyboard": 0.42857142857142855,
        "knife": 0.25,
        "oven": 0.4545454545454545,
        "truck": 0.9473684210526315
    },
    "prompt_type": "REAL",
    "dataset_size": "371M"
}