{
    "model_name": "scaling_clip",
    "dataset": "cue_conflict",
    "shape_bias": 0.5949764521193093,
    "shape_bias_per_cat": {
        "airplane": 0.7142857142857143,
        "bear": 0.6,
        "bicycle": 1.0,
        "bird": 0.8,
        "boat": 0.6666666666666667,
        "bottle": 0.42857142857142855,
        "car": 0.6756756756756758,
        "cat": 0.4230769230769231,
        "chair": 0.6875,
        "clock": 0.47244094488188976,
        "dog": 0.75,
        "elephant": 1.0,
        "keyboard": 0.578125,
        "knife": 0.7,
        "oven": 1.0,
        "truck": 0.9428571428571428
    },
    "prompt_type": "Synthetic",
    "dataset_size": "256M"
}