{
    "model_name": "scaling_clip",
    "dataset": "cue_conflict",
    "shape_bias": 0.507177033492823,
    "shape_bias_per_cat": {
        "airplane": 0.42424242424242425,
        "bear": 0.2558139534883721,
        "bicycle": 0.6623376623376623,
        "bird": 0.7272727272727273,
        "boat": 0.3333333333333333,
        "bottle": 0.4545454545454545,
        "car": 0.5263157894736842,
        "cat": 0.4285714285714286,
        "chair": 0.5964912280701754,
        "clock": 0.5728155339805825,
        "dog": 0.42105263157894735,
        "elephant": 0.3880597014925373,
        "keyboard": 0.5681818181818182,
        "knife": 0.15384615384615383,
        "oven": 0.3636363636363636,
        "truck": 0.7166666666666667
    },
    "prompt_type": "REAL",
    "dataset_size": "64M"
}