{
    "model_name": "scaling_clip",
    "dataset": "cue_conflict",
    "shape_bias": 0.5076560659599529,
    "shape_bias_per_cat": {
        "airplane": 0.6538461538461539,
        "bear": 0.4666666666666666,
        "bicycle": 0.9361702127659575,
        "bird": 0.7241379310344828,
        "boat": 0.45454545454545453,
        "bottle": 0.46236559139784944,
        "car": 0.46153846153846156,
        "cat": 0.4736842105263158,
        "chair": 0.48275862068965514,
        "clock": 0.49586776859504134,
        "dog": 0.34545454545454546,
        "elephant": 0.3064516129032258,
        "keyboard": 0.4375,
        "knife": 0.25,
        "oven": 0.7142857142857143,
        "truck": 0.8333333333333333
    },
    "prompt_type": "REAL",
    "dataset_size": "256M"
}