{
    "model_name": "scaling_imagenet_sup",
    "dataset": "cue_conflict",
    "shape_bias": 0.4742268041237113,
    "shape_bias_per_cat": {
        "airplane": 0.5121951219512195,
        "bear": 0.48,
        "bicycle": 0.8333333333333333,
        "bird": 0.7058823529411764,
        "boat": 0.09090909090909091,
        "bottle": 0.5287356321839081,
        "car": 0.43283582089552236,
        "cat": 0.3289473684210526,
        "chair": 0.32,
        "clock": 0.5284552845528455,
        "dog": 0.6666666666666666,
        "elephant": 0.14285714285714285,
        "keyboard": 0.4117647058823529,
        "knife": 0.29411764705882354,
        "oven": 0.6071428571428572,
        "truck": 0.5789473684210527
    },
    "prompt_type": "captions",
    "dataset_size": "8M"
}