{
    "model_name": "scaling_imagenet_sup",
    "dataset": "cue_conflict",
    "shape_bias": 0.5615050651230101,
    "shape_bias_per_cat": {
        "airplane": 0.53125,
        "bear": 0.5121951219512195,
        "bicycle": 0.9629629629629629,
        "bird": 0.8500000000000001,
        "boat": 0.5384615384615384,
        "bottle": 0.5714285714285715,
        "car": 0.5490196078431373,
        "cat": 0.42647058823529416,
        "chair": 0.9473684210526316,
        "clock": 0.5486725663716815,
        "dog": 0.5,
        "elephant": 0.875,
        "keyboard": 0.5,
        "knife": 0.41666666666666663,
        "oven": 0.3888888888888889,
        "truck": 0.6428571428571428
    },
    "prompt_type": "classname",
    "dataset_size": "16M"
}