{
    "model_name": "scaling_imagenet_sup",
    "dataset": "cue_conflict",
    "shape_bias": 0.5515695067264574,
    "shape_bias_per_cat": {
        "airplane": 0.5666666666666667,
        "bear": 0.5111111111111111,
        "bicycle": 0.9705882352941176,
        "bird": 0.6499999999999999,
        "boat": 0.5882352941176471,
        "bottle": 0.5520833333333334,
        "car": 0.5681818181818181,
        "cat": 0.46153846153846156,
        "chair": 0.8461538461538461,
        "clock": 0.6262626262626263,
        "dog": 0.5384615384615384,
        "elephant": 0.5,
        "keyboard": 0.4603174603174603,
        "knife": 0.24000000000000002,
        "oven": 0.3125,
        "truck": 0.5416666666666666
    },
    "prompt_type": "classname",
    "dataset_size": "4M"
}