{
    "model_name": "scaling_clip",
    "dataset": "cue_conflict",
    "shape_bias": 0.5752608047690015,
    "shape_bias_per_cat": {
        "airplane": 0.5263157894736842,
        "bear": 0.7096774193548386,
        "bicycle": 1.0,
        "bird": 0.8,
        "boat": 0.6666666666666666,
        "bottle": 0.46153846153846156,
        "car": 0.7058823529411765,
        "cat": 0.430379746835443,
        "chair": 0.53125,
        "clock": 0.4838709677419355,
        "dog": 0.7586206896551724,
        "elephant": 1.0,
        "keyboard": 0.3979591836734694,
        "knife": 0.7692307692307692,
        "oven": 1.0,
        "truck": 0.9354838709677419
    },
    "prompt_type": "Synthetic",
    "dataset_size": "371M"
}