{
    "model_name": "scaling_imagenet_sup",
    "dataset": "cue_conflict",
    "shape_bias": 0.42237762237762233,
    "shape_bias_per_cat": {
        "airplane": 0.5,
        "bear": 0.40740740740740744,
        "bicycle": 0.9285714285714286,
        "bird": 0.7142857142857143,
        "boat": 0.1111111111111111,
        "bottle": 0.5056179775280899,
        "car": 0.3194444444444444,
        "cat": 0.3088235294117647,
        "chair": 0.6363636363636364,
        "clock": 0.4696969696969697,
        "dog": 0.28125,
        "elephant": 0.08108108108108109,
        "keyboard": 0.3484848484848485,
        "knife": 0.5833333333333334,
        "oven": 0.43589743589743596,
        "truck": 0.5238095238095238
    },
    "prompt_type": "captions",
    "dataset_size": "4M"
}