{
    "model_name": "scaling_clip",
    "dataset": "cue_conflict",
    "shape_bias": 0.5122897800776197,
    "shape_bias_per_cat": {
        "airplane": 0.6666666666666667,
        "bear": 0.35714285714285715,
        "bicycle": 1.0,
        "bird": 0.6799999999999999,
        "boat": 0.6666666666666667,
        "bottle": 0.42708333333333337,
        "car": 0.5846153846153846,
        "cat": 0.4666666666666666,
        "chair": 0.375,
        "clock": 0.47692307692307695,
        "dog": 0.42857142857142855,
        "elephant": 0.76,
        "keyboard": 0.41935483870967744,
        "knife": 0.2727272727272727,
        "oven": 1.0,
        "truck": 0.96875
    },
    "prompt_type": "Syn_Real",
    "dataset_size": "128M"
}