{
    "model_name": "scaling_clip",
    "dataset": "cue_conflict",
    "shape_bias": 0.5592356687898089,
    "shape_bias_per_cat": {
        "airplane": 0.75,
        "bear": 0.4098360655737705,
        "bicycle": 0.975,
        "bird": 0.8999999999999999,
        "boat": 0.6842105263157895,
        "bottle": 0.46534653465346537,
        "car": 0.639344262295082,
        "cat": 0.39436619718309857,
        "chair": 0.5306122448979592,
        "clock": 0.484375,
        "dog": 0.42857142857142866,
        "elephant": 0.8636363636363636,
        "keyboard": 0.4268292682926829,
        "knife": 0.52,
        "oven": 0.8333333333333334,
        "truck": 0.8888888888888888
    },
    "prompt_type": "Syn_Real",
    "dataset_size": "256M"
}