{
    "model_name": "scaling_imagenet_sup",
    "dataset": "cue_conflict",
    "shape_bias": 0.4471968709256845,
    "shape_bias_per_cat": {
        "airplane": 0.3666666666666667,
        "bear": 0.3947368421052631,
        "bicycle": 0.8787878787878788,
        "bird": 0.8,
        "boat": 0.13333333333333333,
        "bottle": 0.5510204081632654,
        "car": 0.42028985507246375,
        "cat": 0.33333333333333337,
        "chair": 0.5333333333333333,
        "clock": 0.5118110236220472,
        "dog": 0.44827586206896547,
        "elephant": 0.2105263157894737,
        "keyboard": 0.34328358208955223,
        "knife": 0.27272727272727276,
        "oven": 0.5151515151515151,
        "truck": 0.5
    },
    "prompt_type": "captions",
    "dataset_size": "16M"
}