{
    "model_name": "scaling_clip",
    "dataset": "cue_conflict",
    "shape_bias": 0.540500736377025,
    "shape_bias_per_cat": {
        "airplane": 0.8823529411764706,
        "bear": 0.45454545454545453,
        "bicycle": 1.0,
        "bird": 0.761904761904762,
        "boat": 0.75,
        "bottle": 0.4444444444444444,
        "car": 0.6046511627906976,
        "cat": 0.4354838709677419,
        "chair": 0.6666666666666666,
        "clock": 0.4962962962962963,
        "dog": 0.3275862068965517,
        "elephant": 0.8666666666666667,
        "keyboard": 0.5918367346938775,
        "knife": 0.2222222222222222,
        "oven": 1.0,
        "truck": 0.9285714285714285
    },
    "prompt_type": "Synthetic",
    "dataset_size": "64M"
}