{
    "model_name": "scaling_clip",
    "dataset": "cue_conflict",
    "shape_bias": 0.5065868263473053,
    "shape_bias_per_cat": {
        "airplane": 0.5714285714285715,
        "bear": 0.4772727272727273,
        "bicycle": 0.8333333333333334,
        "bird": 0.6944444444444444,
        "boat": 0.3783783783783784,
        "bottle": 0.46464646464646464,
        "car": 0.44047619047619047,
        "cat": 0.5200000000000001,
        "chair": 0.48571428571428577,
        "clock": 0.5267857142857143,
        "dog": 0.35820895522388063,
        "elephant": 0.3888888888888889,
        "keyboard": 0.3666666666666667,
        "knife": 0.33333333333333337,
        "oven": 1.0,
        "truck": 0.640625
    },
    "prompt_type": "REAL",
    "dataset_size": "128M"
}