{
    "model_name": "scaling_imagenet_sup",
    "dataset": "cue_conflict",
    "shape_bias": 0.32797858099062915,
    "shape_bias_per_cat": {
        "airplane": 0.21428571428571427,
        "bear": 0.16129032258064516,
        "bicycle": 0.6666666666666666,
        "bird": 0.6153846153846154,
        "boat": 0.05,
        "bottle": 0.4444444444444445,
        "car": 0.2753623188405797,
        "cat": 0.24590163934426235,
        "chair": 0.4117647058823529,
        "clock": 0.453125,
        "dog": 0.3055555555555556,
        "elephant": 0.01694915254237288,
        "keyboard": 0.35294117647058826,
        "knife": 0.3125,
        "oven": 0.3137254901960784,
        "truck": 0.42857142857142855
    },
    "prompt_type": "captions",
    "dataset_size": "1M"
}