{
    "model": "CLIP",
    "dataset": "imagenet",
    "test_error": 0.31732000000000005,
    "test_nll": 1.1802659034729004,
    "ece": 0.02014131098985672,
    "ada ece": 0.019976695999503136,
    "class ece": 0.0003843792947009206
}