{
    "model": "CLIP",
    "dataset": "imagenet-a",
    "test_error": 0.4888,
    "test_nll": 1.9652824401855469,
    "ece": 0.07873381674289703,
    "ada ece": 0.08067836612462997,
    "class ece": 0.002602020977064967
}