{
    "model": "CLIP",
    "dataset": "imagenet-r",
    "test_error": 0.23583333333333334,
    "test_nll": 0.9221542477607727,
    "ece": 0.038357868790626526,
    "ada ece": 0.03881922364234924,
    "class ece": 0.0013295896351337433
}