{
    "model": "ConvNext",
    "dataset": "imagenet-r",
    "test_error": 0.37539999999999996,
    "test_nll": 1.8576899766921997,
    "ece": 0.025633983314037323,
    "ada ece": 0.025436386466026306,
    "class ece": 0.0020507737062871456
}