{
    "model": "ConvNext",
    "dataset": "imagenet-a",
    "test_error": 0.4741333333333333,
    "test_nll": 2.0929014682769775,
    "ece": 0.08454496413469315,
    "ada ece": 0.08400531858205795,
    "class ece": 0.0028142661321908236
}