{
    "model": "ConvNext",
    "dataset": "imagenet",
    "test_error": 0.14481999999999995,
    "test_nll": 0.5732864141464233,
    "ece": 0.028687356039881706,
    "ada ece": 0.028896093368530273,
    "class ece": 0.00024399871472269297
}