{
    "model": "DeiT",
    "dataset": "imagenet-r",
    "test_error": 0.4316,
    "test_nll": 2.2719733715057373,
    "ece": 0.04995734989643097,
    "ada ece": 0.04986409842967987,
    "class ece": 0.0022627245634794235
}