{
    "model": "DeiT",
    "dataset": "imagenet",
    "test_error": 0.15410000000000001,
    "test_nll": 0.7018751502037048,
    "ece": 0.04846637696027756,
    "ada ece": 0.04734351858496666,
    "class ece": 0.0002771825238596648
}