{
    "model": "DeiT",
    "dataset": "imagenet-a",
    "test_error": 0.5057333333333334,
    "test_nll": 2.386056661605835,
    "ece": 0.13791850209236145,
    "ada ece": 0.13832563161849976,
    "class ece": 0.0029603363946080208
}