{
    "model": "dino",
    "dataset": "imagenet",
    "test_error": 0.15510000000000002,
    "test_nll": 0.5761929154396057,
    "ece": 0.016762901097536087,
    "ada ece": 0.016280895099043846,
    "class ece": 0.00021123029000591487
}