{
    "model": "dino",
    "dataset": "imagenet-a",
    "test_error": 0.4524,
    "test_nll": 2.0031960010528564,
    "ece": 0.09222009032964706,
    "ada ece": 0.09210286289453506,
    "class ece": 0.002866004128009081
}