{
    "model": "dino",
    "dataset": "imagenet-r",
    "test_error": 0.34996666666666665,
    "test_nll": 1.8062020540237427,
    "ece": 0.027249973267316818,
    "ada ece": 0.026488047093153,
    "class ece": 0.00249304948374629
}