{
    "model": "mae",
    "dataset": "imagenet-r",
    "test_error": 0.7425333333333333,
    "test_nll": 4.804101943969727,
    "ece": 0.23330268263816833,
    "ada ece": 0.23330055177211761,
    "class ece": 0.0043718088418245316
}