{
    "model": "mae",
    "dataset": "imagenet-a",
    "test_error": 0.9658666666666667,
    "test_nll": 6.295950412750244,
    "ece": 0.4022679328918457,
    "ada ece": 0.40225911140441895,
    "class ece": 0.006288569420576096
}