{
    "model": "mae",
    "dataset": "imagenet",
    "test_error": 0.32404,
    "test_nll": 1.3574151992797852,
    "ece": 0.01518238428980112,
    "ada ece": 0.014192379079759121,
    "class ece": 0.0003001486184075475
}