{
    "model": "mocov3",
    "dataset": "imagenet",
    "test_error": 0.23338000000000003,
    "test_nll": 0.9082086086273193,
    "ece": 0.01512741856276989,
    "ada ece": 0.014495713636279106,
    "class ece": 0.0002677741867955774
}