{
    "model": "mocov3",
    "dataset": "imagenet-a",
    "test_error": 0.8841333333333333,
    "test_nll": 4.672895431518555,
    "ece": 0.3404923379421234,
    "ada ece": 0.3404844403266907,
    "class ece": 0.005280318669974804
}