{
    "model": "mocov3",
    "dataset": "imagenet-r",
    "test_error": 0.6401333333333333,
    "test_nll": 3.742175817489624,
    "ece": 0.13971956074237823,
    "ada ece": 0.13971808552742004,
    "class ece": 0.0036856108345091343
}