{
    "0": {
        "count": 122,
        "conf": 5.294426349923015,
        "acc": 2,
        "bin_acc": 0.01639344262295082,
        "bin_conf": 0.04339693729445094
    },
    "1": {
        "count": 2140,
        "conf": 173.77812508121133,
        "acc": 133,
        "bin_acc": 0.06214953271028038,
        "bin_conf": 0.08120473134636043
    },
    "2": {
        "count": 3767,
        "conf": 472.8338234052062,
        "acc": 307,
        "bin_acc": 0.0814972126360499,
        "bin_conf": 0.12551999559469237
    },
    "3": {
        "count": 3913,
        "conf": 682.6229404360056,
        "acc": 375,
        "bin_acc": 0.09583439815997956,
        "bin_conf": 0.17445002311168045
    },
    "4": {
        "count": 3241,
        "conf": 726.9861945956945,
        "acc": 412,
        "bin_acc": 0.1271212588707189,
        "bin_conf": 0.22430922388018962
    },
    "5": {
        "count": 2656,
        "conf": 728.6324267685413,
        "acc": 421,
        "bin_acc": 0.1585090361445783,
        "bin_conf": 0.2743344980303243
    },
    "6": {
        "count": 2017,
        "conf": 653.6006679534912,
        "acc": 381,
        "bin_acc": 0.18889439762022806,
        "bin_conf": 0.32404594345735804
    },
    "7": {
        "count": 1705,
        "conf": 638.0517008900642,
        "acc": 414,
        "bin_acc": 0.24281524926686218,
        "bin_conf": 0.37422387148977376
    },
    "8": {
        "count": 1392,
        "conf": 590.1787904202938,
        "acc": 381,
        "bin_acc": 0.27370689655172414,
        "bin_conf": 0.42397901610653294
    },
    "9": {
        "count": 1203,
        "conf": 569.8426561355591,
        "acc": 357,
        "bin_acc": 0.2967581047381546,
        "bin_conf": 0.47368466844186125
    },
    "10": {
        "count": 1038,
        "conf": 544.1122104525566,
        "acc": 357,
        "bin_acc": 0.3439306358381503,
        "bin_conf": 0.5241928809754881
    },
    "11": {
        "count": 908,
        "conf": 520.9043852090836,
        "acc": 362,
        "bin_acc": 0.3986784140969163,
        "bin_conf": 0.5736832436223387
    },
    "12": {
        "count": 783,
        "conf": 488.90050196647644,
        "acc": 327,
        "bin_acc": 0.41762452107279696,
        "bin_conf": 0.6243939999571857
    },
    "13": {
        "count": 758,
        "conf": 511.5016680955887,
        "acc": 376,
        "bin_acc": 0.49604221635883905,
        "bin_conf": 0.6748043114717529
    },
    "14": {
        "count": 645,
        "conf": 466.8168256878853,
        "acc": 353,
        "bin_acc": 0.5472868217054263,
        "bin_conf": 0.7237470165703648
    },
    "15": {
        "count": 586,
        "conf": 454.4884260892868,
        "acc": 370,
        "bin_acc": 0.6313993174061433,
        "bin_conf": 0.7755775189236976
    },
    "16": {
        "count": 625,
        "conf": 515.9955248236656,
        "acc": 434,
        "bin_acc": 0.6944,
        "bin_conf": 0.825592839717865
    },
    "17": {
        "count": 632,
        "conf": 552.3651025295258,
        "acc": 471,
        "bin_acc": 0.745253164556962,
        "bin_conf": 0.8739954153948193
    },
    "18": {
        "count": 712,
        "conf": 659.3397905230522,
        "acc": 586,
        "bin_acc": 0.8230337078651685,
        "bin_conf": 0.9260390316335003
    },
    "19": {
        "count": 1157,
        "conf": 1133.8865070343018,
        "acc": 1073,
        "bin_acc": 0.9273984442523768,
        "bin_conf": 0.9800229101420067
    }
}