{
    "0": {
        "count": 23,
        "conf": 0.9400990959256887,
        "acc": 0,
        "bin_acc": 0.0,
        "bin_conf": 0.04087387373589951
    },
    "1": {
        "count": 280,
        "conf": 22.721003711223602,
        "acc": 43,
        "bin_acc": 0.15357142857142858,
        "bin_conf": 0.08114644182579858
    },
    "2": {
        "count": 690,
        "conf": 88.14386533945799,
        "acc": 119,
        "bin_acc": 0.17246376811594202,
        "bin_conf": 0.12774473237602607
    },
    "3": {
        "count": 1030,
        "conf": 181.29156360030174,
        "acc": 236,
        "bin_acc": 0.229126213592233,
        "bin_conf": 0.17601122679640946
    },
    "4": {
        "count": 1433,
        "conf": 323.4084068238735,
        "acc": 391,
        "bin_acc": 0.27285415212840197,
        "bin_conf": 0.22568625737883707
    },
    "5": {
        "count": 1778,
        "conf": 490.76527911424637,
        "acc": 556,
        "bin_acc": 0.312710911136108,
        "bin_conf": 0.2760209668809035
    },
    "6": {
        "count": 2041,
        "conf": 664.017281472683,
        "acc": 709,
        "bin_acc": 0.3473787359137678,
        "bin_conf": 0.3253391873947491
    },
    "7": {
        "count": 2179,
        "conf": 817.6367154121399,
        "acc": 944,
        "bin_acc": 0.43322625057365766,
        "bin_conf": 0.37523483956500225
    },
    "8": {
        "count": 2397,
        "conf": 1019.8745667338371,
        "acc": 1082,
        "bin_acc": 0.45139758030871924,
        "bin_conf": 0.4254795856211252
    },
    "9": {
        "count": 2553,
        "conf": 1213.4731201827526,
        "acc": 1241,
        "bin_acc": 0.48609479044261655,
        "bin_conf": 0.47531262051811696
    },
    "10": {
        "count": 2599,
        "conf": 1363.7774485349655,
        "acc": 1401,
        "bin_acc": 0.5390534821085032,
        "bin_conf": 0.5247316077471972
    },
    "11": {
        "count": 2483,
        "conf": 1426.6578558683395,
        "acc": 1485,
        "bin_acc": 0.5980668546113572,
        "bin_conf": 0.5745702198422632
    },
    "12": {
        "count": 2369,
        "conf": 1480.3418818712234,
        "acc": 1514,
        "bin_acc": 0.6390882228788518,
        "bin_conf": 0.6248804904479626
    },
    "13": {
        "count": 2356,
        "conf": 1590.0793133974075,
        "acc": 1603,
        "bin_acc": 0.6803904923599321,
        "bin_conf": 0.6749063299649438
    },
    "14": {
        "count": 2443,
        "conf": 1771.1582370400429,
        "acc": 1791,
        "bin_acc": 0.7331150225133033,
        "bin_conf": 0.7249931383708731
    },
    "15": {
        "count": 2554,
        "conf": 1979.183895289898,
        "acc": 1957,
        "bin_acc": 0.7662490211433046,
        "bin_conf": 0.774934962916953
    },
    "16": {
        "count": 2753,
        "conf": 2271.4957154393196,
        "acc": 2262,
        "bin_acc": 0.8216491100617508,
        "bin_conf": 0.8250983347037122
    },
    "17": {
        "count": 3269,
        "conf": 2865.5579943060875,
        "acc": 2789,
        "bin_acc": 0.8531661058427654,
        "bin_conf": 0.8765854984111616
    },
    "18": {
        "count": 4435,
        "conf": 4109.807133734226,
        "acc": 4023,
        "bin_acc": 0.9071025930101465,
        "bin_conf": 0.926675791146387
    },
    "19": {
        "count": 10335,
        "conf": 10137.428187012672,
        "acc": 9988,
        "bin_acc": 0.9664247701983552,
        "bin_conf": 0.9808832304801812
    }
}