{
    "0": {
        "count": 128,
        "conf": 5.408317245543003,
        "acc": 7,
        "bin_acc": 0.0546875,
        "bin_conf": 0.04225247848080471
    },
    "1": {
        "count": 764,
        "conf": 59.03094111010432,
        "acc": 37,
        "bin_acc": 0.04842931937172775,
        "bin_conf": 0.07726562972526743
    },
    "2": {
        "count": 850,
        "conf": 105.08827274292707,
        "acc": 50,
        "bin_acc": 0.058823529411764705,
        "bin_conf": 0.12363326205050244
    },
    "3": {
        "count": 750,
        "conf": 129.9567576944828,
        "acc": 54,
        "bin_acc": 0.072,
        "bin_conf": 0.17327567692597706
    },
    "4": {
        "count": 604,
        "conf": 135.99490851163864,
        "acc": 53,
        "bin_acc": 0.08774834437086093,
        "bin_conf": 0.22515713329741496
    },
    "5": {
        "count": 474,
        "conf": 129.76814192533493,
        "acc": 47,
        "bin_acc": 0.09915611814345991,
        "bin_conf": 0.273772451319272
    },
    "6": {
        "count": 423,
        "conf": 137.6527260839939,
        "acc": 36,
        "bin_acc": 0.0851063829787234,
        "bin_conf": 0.325420156226936
    },
    "7": {
        "count": 360,
        "conf": 134.933469414711,
        "acc": 38,
        "bin_acc": 0.10555555555555556,
        "bin_conf": 0.3748151928186417
    },
    "8": {
        "count": 326,
        "conf": 138.47273841500282,
        "acc": 29,
        "bin_acc": 0.08895705521472393,
        "bin_conf": 0.4247630012730148
    },
    "9": {
        "count": 278,
        "conf": 132.22276431322098,
        "acc": 37,
        "bin_acc": 0.13309352517985612,
        "bin_conf": 0.47562145436410425
    },
    "10": {
        "count": 263,
        "conf": 138.18701314926147,
        "acc": 39,
        "bin_acc": 0.1482889733840304,
        "bin_conf": 0.5254259055105
    },
    "11": {
        "count": 248,
        "conf": 142.6763367652893,
        "acc": 40,
        "bin_acc": 0.16129032258064516,
        "bin_conf": 0.5753078095374569
    },
    "12": {
        "count": 218,
        "conf": 136.15061992406845,
        "acc": 37,
        "bin_acc": 0.16972477064220184,
        "bin_conf": 0.6245441280920571
    },
    "13": {
        "count": 218,
        "conf": 147.30077588558197,
        "acc": 32,
        "bin_acc": 0.14678899082568808,
        "bin_conf": 0.6756916325026696
    },
    "14": {
        "count": 222,
        "conf": 160.48855125904083,
        "acc": 37,
        "bin_acc": 0.16666666666666666,
        "bin_conf": 0.7229214020677515
    },
    "15": {
        "count": 199,
        "conf": 154.38244926929474,
        "acc": 38,
        "bin_acc": 0.19095477386934673,
        "bin_conf": 0.775791202358265
    },
    "16": {
        "count": 176,
        "conf": 145.32036173343658,
        "acc": 31,
        "bin_acc": 0.17613636363636365,
        "bin_conf": 0.8256838734854351
    },
    "17": {
        "count": 201,
        "conf": 175.8427369594574,
        "acc": 44,
        "bin_acc": 0.21890547263681592,
        "bin_conf": 0.8748394873604846
    },
    "18": {
        "count": 290,
        "conf": 268.3920741081238,
        "acc": 70,
        "bin_acc": 0.2413793103448276,
        "bin_conf": 0.9254899107176682
    },
    "19": {
        "count": 508,
        "conf": 497.9616031050682,
        "acc": 97,
        "bin_acc": 0.19094488188976377,
        "bin_conf": 0.9802393761910791
    }
}