{
    "0": {
        "count": 0,
        "conf": 0,
        "acc": 0,
        "bin_acc": 0,
        "bin_conf": 0
    },
    "1": {
        "count": 57,
        "conf": 5.075879491865635,
        "acc": 0,
        "bin_acc": 0.0,
        "bin_conf": 0.0890505174011515
    },
    "2": {
        "count": 393,
        "conf": 50.76185105741024,
        "acc": 3,
        "bin_acc": 0.007633587786259542,
        "bin_conf": 0.12916501541325762
    },
    "3": {
        "count": 707,
        "conf": 124.54906824231148,
        "acc": 20,
        "bin_acc": 0.028288543140028287,
        "bin_conf": 0.17616558450114778
    },
    "4": {
        "count": 831,
        "conf": 187.4103479385376,
        "acc": 24,
        "bin_acc": 0.02888086642599278,
        "bin_conf": 0.22552388440257232
    },
    "5": {
        "count": 768,
        "conf": 211.26621842384338,
        "acc": 24,
        "bin_acc": 0.03125,
        "bin_conf": 0.2750862219060461
    },
    "6": {
        "count": 670,
        "conf": 217.9206164777279,
        "acc": 21,
        "bin_acc": 0.03134328358208955,
        "bin_conf": 0.3252546514592954
    },
    "7": {
        "count": 570,
        "conf": 213.18620637059212,
        "acc": 19,
        "bin_acc": 0.03333333333333333,
        "bin_conf": 0.37401088836945984
    },
    "8": {
        "count": 513,
        "conf": 217.7560634613037,
        "acc": 17,
        "bin_acc": 0.03313840155945419,
        "bin_conf": 0.42447575723451014
    },
    "9": {
        "count": 421,
        "conf": 199.6720994412899,
        "acc": 15,
        "bin_acc": 0.035629453681710214,
        "bin_conf": 0.4742805212382183
    },
    "10": {
        "count": 414,
        "conf": 217.20130413770676,
        "acc": 18,
        "bin_acc": 0.043478260869565216,
        "bin_conf": 0.5246408312504994
    },
    "11": {
        "count": 347,
        "conf": 199.8383687734604,
        "acc": 15,
        "bin_acc": 0.043227665706051875,
        "bin_conf": 0.5759030800387908
    },
    "12": {
        "count": 290,
        "conf": 181.02016800642014,
        "acc": 17,
        "bin_acc": 0.05862068965517241,
        "bin_conf": 0.6242074758842073
    },
    "13": {
        "count": 262,
        "conf": 176.73540723323822,
        "acc": 13,
        "bin_acc": 0.04961832061068702,
        "bin_conf": 0.6745626230276268
    },
    "14": {
        "count": 239,
        "conf": 173.25422143936157,
        "acc": 13,
        "bin_acc": 0.05439330543933055,
        "bin_conf": 0.7249130604157388
    },
    "15": {
        "count": 215,
        "conf": 166.22260493040085,
        "acc": 7,
        "bin_acc": 0.03255813953488372,
        "bin_conf": 0.7731283950251202
    },
    "16": {
        "count": 173,
        "conf": 142.5576669573784,
        "acc": 6,
        "bin_acc": 0.03468208092485549,
        "bin_conf": 0.8240327569790659
    },
    "17": {
        "count": 175,
        "conf": 153.43833476305008,
        "acc": 9,
        "bin_acc": 0.05142857142857143,
        "bin_conf": 0.8767904843602862
    },
    "18": {
        "count": 181,
        "conf": 167.24959951639175,
        "acc": 6,
        "bin_acc": 0.03314917127071823,
        "bin_conf": 0.9240309365546506
    },
    "19": {
        "count": 274,
        "conf": 267.8932756781578,
        "acc": 9,
        "bin_acc": 0.032846715328467155,
        "bin_conf": 0.9777126849567803
    }
}