{
    "0": {
        "count": 0,
        "conf": 0,
        "acc": 0,
        "bin_acc": 0,
        "bin_conf": 0
    },
    "1": {
        "count": 173,
        "conf": 15.320776537060738,
        "acc": 4,
        "bin_acc": 0.023121387283236993,
        "bin_conf": 0.08855940194832797
    },
    "2": {
        "count": 1376,
        "conf": 178.48414561897516,
        "acc": 64,
        "bin_acc": 0.046511627906976744,
        "bin_conf": 0.12971231513006917
    },
    "3": {
        "count": 2584,
        "conf": 455.52390010654926,
        "acc": 131,
        "bin_acc": 0.050696594427244585,
        "bin_conf": 0.17628633905052216
    },
    "4": {
        "count": 2785,
        "conf": 627.3561715781689,
        "acc": 186,
        "bin_acc": 0.06678635547576302,
        "bin_conf": 0.2252625391663084
    },
    "5": {
        "count": 2719,
        "conf": 746.5899682343006,
        "acc": 219,
        "bin_acc": 0.08054431776388378,
        "bin_conf": 0.2745825554374037
    },
    "6": {
        "count": 2502,
        "conf": 812.1435824334621,
        "acc": 246,
        "bin_acc": 0.09832134292565947,
        "bin_conf": 0.3245977547695692
    },
    "7": {
        "count": 2121,
        "conf": 794.9144931435585,
        "acc": 242,
        "bin_acc": 0.1140971239981141,
        "bin_conf": 0.3747828821987546
    },
    "8": {
        "count": 1842,
        "conf": 782.2675521671772,
        "acc": 269,
        "bin_acc": 0.1460369163952226,
        "bin_conf": 0.4246837959648085
    },
    "9": {
        "count": 1658,
        "conf": 786.4963189661503,
        "acc": 307,
        "bin_acc": 0.18516284680337755,
        "bin_conf": 0.47436448671058523
    },
    "10": {
        "count": 1330,
        "conf": 697.7952953577042,
        "acc": 288,
        "bin_acc": 0.21654135338345865,
        "bin_conf": 0.5246581168103038
    },
    "11": {
        "count": 1217,
        "conf": 698.7940749526024,
        "acc": 276,
        "bin_acc": 0.22678718159408381,
        "bin_conf": 0.5741939810621219
    },
    "12": {
        "count": 1084,
        "conf": 676.9943080544472,
        "acc": 253,
        "bin_acc": 0.2333948339483395,
        "bin_conf": 0.6245334945151727
    },
    "13": {
        "count": 987,
        "conf": 666.5082830190659,
        "acc": 296,
        "bin_acc": 0.2998986828774063,
        "bin_conf": 0.6752870142037142
    },
    "14": {
        "count": 943,
        "conf": 683.5930111408234,
        "acc": 321,
        "bin_acc": 0.3404029692470838,
        "bin_conf": 0.7249130552924956
    },
    "15": {
        "count": 924,
        "conf": 715.8364290595055,
        "acc": 361,
        "bin_acc": 0.3906926406926407,
        "bin_conf": 0.7747147500643998
    },
    "16": {
        "count": 829,
        "conf": 683.8339158892632,
        "acc": 364,
        "bin_acc": 0.4390832328106152,
        "bin_conf": 0.8248901277313186
    },
    "17": {
        "count": 904,
        "conf": 791.5041907429695,
        "acc": 483,
        "bin_acc": 0.5342920353982301,
        "bin_conf": 0.8755577331227539
    },
    "18": {
        "count": 1035,
        "conf": 958.1288821697235,
        "acc": 693,
        "bin_acc": 0.6695652173913044,
        "bin_conf": 0.9257283885697811
    },
    "19": {
        "count": 2987,
        "conf": 2950.9962294101715,
        "acc": 2721,
        "bin_acc": 0.9109474389019083,
        "bin_conf": 0.987946511352585
    }
}