{
    "0": {
        "count": 33,
        "conf": 1.1556545309722424,
        "acc": 0,
        "bin_acc": 0.0,
        "bin_conf": 0.03501983427188613
    },
    "1": {
        "count": 276,
        "conf": 23.021417696028948,
        "acc": 21,
        "bin_acc": 0.07608695652173914,
        "bin_conf": 0.0834109336812643
    },
    "2": {
        "count": 837,
        "conf": 106.69408337026834,
        "acc": 63,
        "bin_acc": 0.07526881720430108,
        "bin_conf": 0.12747202314249503
    },
    "3": {
        "count": 1219,
        "conf": 214.59035734832287,
        "acc": 106,
        "bin_acc": 0.08695652173913043,
        "bin_conf": 0.17603802899780382
    },
    "4": {
        "count": 1353,
        "conf": 304.34511563181877,
        "acc": 143,
        "bin_acc": 0.10569105691056911,
        "bin_conf": 0.22494095759927477
    },
    "5": {
        "count": 1373,
        "conf": 376.8625168800354,
        "acc": 154,
        "bin_acc": 0.11216314639475601,
        "bin_conf": 0.27448107565916635
    },
    "6": {
        "count": 1253,
        "conf": 407.04026728868484,
        "acc": 181,
        "bin_acc": 0.14445331205107742,
        "bin_conf": 0.32485256766854337
    },
    "7": {
        "count": 1216,
        "conf": 456.3120355308056,
        "acc": 188,
        "bin_acc": 0.15460526315789475,
        "bin_conf": 0.3752566081667809
    },
    "8": {
        "count": 1164,
        "conf": 494.73121654987335,
        "acc": 230,
        "bin_acc": 0.19759450171821305,
        "bin_conf": 0.4250268183418156
    },
    "9": {
        "count": 1076,
        "conf": 510.68607315421104,
        "acc": 269,
        "bin_acc": 0.25,
        "bin_conf": 0.47461530962287274
    },
    "10": {
        "count": 1108,
        "conf": 581.9680106639862,
        "acc": 287,
        "bin_acc": 0.25902527075812276,
        "bin_conf": 0.5252418868808539
    },
    "11": {
        "count": 1041,
        "conf": 598.9357310533524,
        "acc": 278,
        "bin_acc": 0.2670509125840538,
        "bin_conf": 0.5753465235863136
    },
    "12": {
        "count": 1003,
        "conf": 626.6320621967316,
        "acc": 282,
        "bin_acc": 0.2811565304087737,
        "bin_conf": 0.6247577888302408
    },
    "13": {
        "count": 923,
        "conf": 622.5765189528465,
        "acc": 295,
        "bin_acc": 0.3196099674972914,
        "bin_conf": 0.6745141050410038
    },
    "14": {
        "count": 955,
        "conf": 691.7969070076942,
        "acc": 327,
        "bin_acc": 0.3424083769633508,
        "bin_conf": 0.7243946670237636
    },
    "15": {
        "count": 919,
        "conf": 712.9261400103569,
        "acc": 363,
        "bin_acc": 0.39499455930359084,
        "bin_conf": 0.7757629379873306
    },
    "16": {
        "count": 1050,
        "conf": 866.7924677729607,
        "acc": 459,
        "bin_acc": 0.43714285714285717,
        "bin_conf": 0.8255166359742483
    },
    "17": {
        "count": 1190,
        "conf": 1042.0162444710732,
        "acc": 568,
        "bin_acc": 0.4773109243697479,
        "bin_conf": 0.8756439029168682
    },
    "18": {
        "count": 1615,
        "conf": 1496.3019338846207,
        "acc": 850,
        "bin_acc": 0.5263157894736842,
        "bin_conf": 0.9265027454393936
    },
    "19": {
        "count": 10396,
        "conf": 10315.16529995203,
        "acc": 8769,
        "bin_acc": 0.8434974990380916,
        "bin_conf": 0.9922244420884985
    }
}