{
    "0": {
        "count": 0,
        "conf": 0,
        "acc": 0,
        "bin_acc": 0,
        "bin_conf": 0
    },
    "1": {
        "count": 77,
        "conf": 6.8267922550439835,
        "acc": 2,
        "bin_acc": 0.025974025974025976,
        "bin_conf": 0.0886596396758959
    },
    "2": {
        "count": 391,
        "conf": 50.27433258295059,
        "acc": 17,
        "bin_acc": 0.043478260869565216,
        "bin_conf": 0.12857885571087108
    },
    "3": {
        "count": 684,
        "conf": 120.5023492872715,
        "acc": 34,
        "bin_acc": 0.049707602339181284,
        "bin_conf": 0.17617302527378875
    },
    "4": {
        "count": 716,
        "conf": 160.99293230473995,
        "acc": 60,
        "bin_acc": 0.08379888268156424,
        "bin_conf": 0.2248504641127653
    },
    "5": {
        "count": 687,
        "conf": 188.18357715010643,
        "acc": 53,
        "bin_acc": 0.07714701601164484,
        "bin_conf": 0.27392078187788416
    },
    "6": {
        "count": 647,
        "conf": 209.84908083081245,
        "acc": 60,
        "bin_acc": 0.09273570324574962,
        "bin_conf": 0.32434170143865915
    },
    "7": {
        "count": 585,
        "conf": 219.32079148292542,
        "acc": 62,
        "bin_acc": 0.10598290598290598,
        "bin_conf": 0.3749073358682486
    },
    "8": {
        "count": 487,
        "conf": 207.01877054572105,
        "acc": 51,
        "bin_acc": 0.10472279260780287,
        "bin_conf": 0.4250898779172917
    },
    "9": {
        "count": 401,
        "conf": 190.3714441359043,
        "acc": 60,
        "bin_acc": 0.14962593516209477,
        "bin_conf": 0.47474175594988605
    },
    "10": {
        "count": 404,
        "conf": 211.84961730241776,
        "acc": 70,
        "bin_acc": 0.17326732673267325,
        "bin_conf": 0.5243802408475687
    },
    "11": {
        "count": 335,
        "conf": 192.3954992890358,
        "acc": 42,
        "bin_acc": 0.1253731343283582,
        "bin_conf": 0.5743149232508531
    },
    "12": {
        "count": 289,
        "conf": 180.59390485286713,
        "acc": 39,
        "bin_acc": 0.13494809688581316,
        "bin_conf": 0.6248924043351803
    },
    "13": {
        "count": 280,
        "conf": 189.08005964756012,
        "acc": 47,
        "bin_acc": 0.16785714285714284,
        "bin_conf": 0.6752859273127148
    },
    "14": {
        "count": 252,
        "conf": 182.5223616361618,
        "acc": 38,
        "bin_acc": 0.15079365079365079,
        "bin_conf": 0.7242950858577849
    },
    "15": {
        "count": 255,
        "conf": 197.35587006807327,
        "acc": 31,
        "bin_acc": 0.12156862745098039,
        "bin_conf": 0.7739445885022481
    },
    "16": {
        "count": 233,
        "conf": 191.91299337148666,
        "acc": 50,
        "bin_acc": 0.2145922746781116,
        "bin_conf": 0.8236609157574535
    },
    "17": {
        "count": 214,
        "conf": 187.2490416765213,
        "acc": 42,
        "bin_acc": 0.19626168224299065,
        "bin_conf": 0.8749955218529033
    },
    "18": {
        "count": 268,
        "conf": 248.0029820203781,
        "acc": 48,
        "bin_acc": 0.1791044776119403,
        "bin_conf": 0.9253842612700676
    },
    "19": {
        "count": 295,
        "conf": 288.3901302218437,
        "acc": 63,
        "bin_acc": 0.2135593220338983,
        "bin_conf": 0.9775936617689618
    }
}