{
    "0": {
        "count": 49,
        "conf": 2.1431001536548138,
        "acc": 1,
        "bin_acc": 0.02040816326530612,
        "bin_conf": 0.04373673782969008
    },
    "1": {
        "count": 720,
        "conf": 58.18448146060109,
        "acc": 50,
        "bin_acc": 0.06944444444444445,
        "bin_conf": 0.0808117798063904
    },
    "2": {
        "count": 1453,
        "conf": 183.32260105013847,
        "acc": 216,
        "bin_acc": 0.1486579490708878,
        "bin_conf": 0.12616834208543598
    },
    "3": {
        "count": 1808,
        "conf": 317.39890022575855,
        "acc": 338,
        "bin_acc": 0.18694690265486727,
        "bin_conf": 0.17555248906291956
    },
    "4": {
        "count": 1897,
        "conf": 426.777850612998,
        "acc": 464,
        "bin_acc": 0.24459673168160254,
        "bin_conf": 0.22497514528887613
    },
    "5": {
        "count": 1846,
        "conf": 507.55714455246925,
        "acc": 540,
        "bin_acc": 0.29252437703141926,
        "bin_conf": 0.27494969910751316
    },
    "6": {
        "count": 1865,
        "conf": 606.2356931269169,
        "acc": 647,
        "bin_acc": 0.346916890080429,
        "bin_conf": 0.32505935288306537
    },
    "7": {
        "count": 1937,
        "conf": 725.5604445934296,
        "acc": 753,
        "bin_acc": 0.38874548270521425,
        "bin_conf": 0.3745794757839079
    },
    "8": {
        "count": 1889,
        "conf": 802.5420684218407,
        "acc": 819,
        "bin_acc": 0.4335627316040233,
        "bin_conf": 0.42485022150441537
    },
    "9": {
        "count": 1976,
        "conf": 939.0107643008232,
        "acc": 976,
        "bin_acc": 0.4939271255060729,
        "bin_conf": 0.4752078766704571
    },
    "10": {
        "count": 2041,
        "conf": 1071.3636490106583,
        "acc": 1054,
        "bin_acc": 0.5164135227829495,
        "bin_conf": 0.5249209451301609
    },
    "11": {
        "count": 1893,
        "conf": 1087.3604489564896,
        "acc": 1094,
        "bin_acc": 0.5779186476492341,
        "bin_conf": 0.5744112250166348
    },
    "12": {
        "count": 1787,
        "conf": 1116.720639884472,
        "acc": 1139,
        "bin_acc": 0.6373810856183548,
        "bin_conf": 0.6249136205285237
    },
    "13": {
        "count": 1811,
        "conf": 1222.3265099525452,
        "acc": 1231,
        "bin_acc": 0.6797349530646052,
        "bin_conf": 0.67494561565574
    },
    "14": {
        "count": 1870,
        "conf": 1355.5385897159576,
        "acc": 1339,
        "bin_acc": 0.7160427807486631,
        "bin_conf": 0.7248869463721699
    },
    "15": {
        "count": 1985,
        "conf": 1539.554080247879,
        "acc": 1512,
        "bin_acc": 0.761712846347607,
        "bin_conf": 0.7755939950870927
    },
    "16": {
        "count": 2224,
        "conf": 1835.8465671539307,
        "acc": 1808,
        "bin_acc": 0.8129496402877698,
        "bin_conf": 0.8254705787562638
    },
    "17": {
        "count": 2559,
        "conf": 2241.103519976139,
        "acc": 2179,
        "bin_acc": 0.8515044939429465,
        "bin_conf": 0.8757731613818441
    },
    "18": {
        "count": 3597,
        "conf": 3336.552571952343,
        "acc": 3247,
        "bin_acc": 0.9026966916875174,
        "bin_conf": 0.9275931531699592
    },
    "19": {
        "count": 14793,
        "conf": 14617.645456075668,
        "acc": 14391,
        "bin_acc": 0.9728249847901034,
        "bin_conf": 0.9881461134371438
    }
}