{
    "0": {
        "count": 195,
        "conf": 6.595999219454825,
        "acc": 24,
        "bin_acc": 0.12307692307692308,
        "bin_conf": 0.03382563702284526
    },
    "1": {
        "count": 317,
        "conf": 24.082003343850374,
        "acc": 61,
        "bin_acc": 0.19242902208201892,
        "bin_conf": 0.07596846480709897
    },
    "2": {
        "count": 430,
        "conf": 53.65431120991707,
        "acc": 55,
        "bin_acc": 0.12790697674418605,
        "bin_conf": 0.1247774679300397
    },
    "3": {
        "count": 416,
        "conf": 73.0716548115015,
        "acc": 62,
        "bin_acc": 0.14903846153846154,
        "bin_conf": 0.17565301637380168
    },
    "4": {
        "count": 421,
        "conf": 95.24100644886494,
        "acc": 90,
        "bin_acc": 0.21377672209026127,
        "bin_conf": 0.2262256685246198
    },
    "5": {
        "count": 424,
        "conf": 116.23056066036224,
        "acc": 93,
        "bin_acc": 0.21933962264150944,
        "bin_conf": 0.27412868080274116
    },
    "6": {
        "count": 390,
        "conf": 125.97865921258926,
        "acc": 87,
        "bin_acc": 0.2230769230769231,
        "bin_conf": 0.32302220310920327
    },
    "7": {
        "count": 321,
        "conf": 120.35764247179031,
        "acc": 91,
        "bin_acc": 0.2834890965732087,
        "bin_conf": 0.3749459267033966
    },
    "8": {
        "count": 364,
        "conf": 154.56153970956802,
        "acc": 92,
        "bin_acc": 0.25274725274725274,
        "bin_conf": 0.4246196145867253
    },
    "9": {
        "count": 321,
        "conf": 152.83263781666756,
        "acc": 105,
        "bin_acc": 0.32710280373831774,
        "bin_conf": 0.476114136500522
    },
    "10": {
        "count": 362,
        "conf": 190.17382723093033,
        "acc": 114,
        "bin_acc": 0.3149171270718232,
        "bin_conf": 0.5253420641738407
    },
    "11": {
        "count": 281,
        "conf": 161.2177892923355,
        "acc": 94,
        "bin_acc": 0.33451957295373663,
        "bin_conf": 0.5737287875172082
    },
    "12": {
        "count": 299,
        "conf": 186.27679920196533,
        "acc": 107,
        "bin_acc": 0.35785953177257523,
        "bin_conf": 0.6229993284346667
    },
    "13": {
        "count": 263,
        "conf": 177.3272404074669,
        "acc": 105,
        "bin_acc": 0.39923954372623577,
        "bin_conf": 0.6742480623858057
    },
    "14": {
        "count": 304,
        "conf": 220.98116254806519,
        "acc": 120,
        "bin_acc": 0.39473684210526316,
        "bin_conf": 0.7269117189081091
    },
    "15": {
        "count": 314,
        "conf": 243.82448410987854,
        "acc": 129,
        "bin_acc": 0.410828025477707,
        "bin_conf": 0.7765110958913329
    },
    "16": {
        "count": 373,
        "conf": 307.7786460518837,
        "acc": 177,
        "bin_acc": 0.4745308310991957,
        "bin_conf": 0.8251438231953987
    },
    "17": {
        "count": 394,
        "conf": 345.2375342845917,
        "acc": 202,
        "bin_acc": 0.5126903553299492,
        "bin_conf": 0.8762373966614002
    },
    "18": {
        "count": 581,
        "conf": 538.7213143706322,
        "acc": 328,
        "bin_acc": 0.5645438898450946,
        "bin_conf": 0.9272311779184719
    },
    "19": {
        "count": 730,
        "conf": 707.4186846017838,
        "acc": 441,
        "bin_acc": 0.6041095890410959,
        "bin_conf": 0.9690666912353202
    }
}