{
    "0": {
        "count": 2299,
        "conf": 68.76941019389778,
        "acc": 210,
        "bin_acc": 0.09134406263592866,
        "bin_conf": 0.02991274910565367
    },
    "1": {
        "count": 2392,
        "conf": 175.2972814925015,
        "acc": 307,
        "bin_acc": 0.12834448160535117,
        "bin_conf": 0.07328481667746718
    },
    "2": {
        "count": 1600,
        "conf": 197.69862320274115,
        "acc": 269,
        "bin_acc": 0.168125,
        "bin_conf": 0.12356163950171321
    },
    "3": {
        "count": 1218,
        "conf": 212.0923276990652,
        "acc": 226,
        "bin_acc": 0.18555008210180624,
        "bin_conf": 0.17413163193683515
    },
    "4": {
        "count": 1060,
        "conf": 237.41517624258995,
        "acc": 227,
        "bin_acc": 0.21415094339622642,
        "bin_conf": 0.2239765813609339
    },
    "5": {
        "count": 855,
        "conf": 234.3628290593624,
        "acc": 230,
        "bin_acc": 0.26900584795321636,
        "bin_conf": 0.27410857199925426
    },
    "6": {
        "count": 761,
        "conf": 247.12787267565727,
        "acc": 217,
        "bin_acc": 0.2851511169513798,
        "bin_conf": 0.32474096278010156
    },
    "7": {
        "count": 735,
        "conf": 275.6345123946667,
        "acc": 239,
        "bin_acc": 0.3251700680272109,
        "bin_conf": 0.3750129420335601
    },
    "8": {
        "count": 660,
        "conf": 279.8175698816776,
        "acc": 274,
        "bin_acc": 0.41515151515151516,
        "bin_conf": 0.42396601497223885
    },
    "9": {
        "count": 697,
        "conf": 331.4186863601208,
        "acc": 307,
        "bin_acc": 0.44045911047345765,
        "bin_conf": 0.4754930937734875
    },
    "10": {
        "count": 610,
        "conf": 320.5768168568611,
        "acc": 252,
        "bin_acc": 0.4131147540983607,
        "bin_conf": 0.5255357653391166
    },
    "11": {
        "count": 672,
        "conf": 386.1761067509651,
        "acc": 296,
        "bin_acc": 0.44047619047619047,
        "bin_conf": 0.5746668255222696
    },
    "12": {
        "count": 619,
        "conf": 387.3770283460617,
        "acc": 320,
        "bin_acc": 0.5169628432956381,
        "bin_conf": 0.6258110312537346
    },
    "13": {
        "count": 657,
        "conf": 443.83138340711594,
        "acc": 388,
        "bin_acc": 0.5905631659056316,
        "bin_conf": 0.6755424404978934
    },
    "14": {
        "count": 704,
        "conf": 509.32755279541016,
        "acc": 435,
        "bin_acc": 0.6178977272727273,
        "bin_conf": 0.7234766374934803
    },
    "15": {
        "count": 763,
        "conf": 592.0917344093323,
        "acc": 481,
        "bin_acc": 0.6304062909567497,
        "bin_conf": 0.7760048943765823
    },
    "16": {
        "count": 997,
        "conf": 823.022302865982,
        "acc": 707,
        "bin_acc": 0.7091273821464393,
        "bin_conf": 0.8254987992637733
    },
    "17": {
        "count": 1381,
        "conf": 1211.4269642233849,
        "acc": 1061,
        "bin_acc": 0.7682838522809559,
        "bin_conf": 0.8772099668525596
    },
    "18": {
        "count": 2691,
        "conf": 2498.3655849695206,
        "acc": 2320,
        "bin_acc": 0.8621330360460795,
        "bin_conf": 0.9284153047081087
    },
    "19": {
        "count": 8629,
        "conf": 8402.605665326118,
        "acc": 8286,
        "bin_acc": 0.9602503186927802,
        "bin_conf": 0.9737635491164814
    }
}