{
    "0": {
        "count": 0,
        "conf": 0,
        "acc": 0,
        "bin_acc": 0,
        "bin_conf": 0
    },
    "1": {
        "count": 223,
        "conf": 19.3229945525527,
        "acc": 12,
        "bin_acc": 0.053811659192825115,
        "bin_conf": 0.08665019978723183
    },
    "2": {
        "count": 1068,
        "conf": 136.02589535713196,
        "acc": 70,
        "bin_acc": 0.06554307116104868,
        "bin_conf": 0.1273650705591123
    },
    "3": {
        "count": 1577,
        "conf": 277.8641059398651,
        "acc": 164,
        "bin_acc": 0.10399492707672796,
        "bin_conf": 0.1761979111857103
    },
    "4": {
        "count": 1679,
        "conf": 377.6317335665226,
        "acc": 220,
        "bin_acc": 0.13103037522334723,
        "bin_conf": 0.22491467157029338
    },
    "5": {
        "count": 1663,
        "conf": 455.9436374902725,
        "acc": 298,
        "bin_acc": 0.17919422730006013,
        "bin_conf": 0.27416935507532925
    },
    "6": {
        "count": 1494,
        "conf": 485.70112293958664,
        "acc": 304,
        "bin_acc": 0.2034805890227577,
        "bin_conf": 0.32510115323934846
    },
    "7": {
        "count": 1321,
        "conf": 494.958336353302,
        "acc": 338,
        "bin_acc": 0.2558667676003028,
        "bin_conf": 0.37468458467320365
    },
    "8": {
        "count": 1262,
        "conf": 535.9727427661419,
        "acc": 386,
        "bin_acc": 0.3058637083993661,
        "bin_conf": 0.42470106399852764
    },
    "9": {
        "count": 1186,
        "conf": 562.9462616145611,
        "acc": 434,
        "bin_acc": 0.36593591905564926,
        "bin_conf": 0.4746595797761898
    },
    "10": {
        "count": 1104,
        "conf": 579.7466716170311,
        "acc": 433,
        "bin_acc": 0.39221014492753625,
        "bin_conf": 0.5251328547255717
    },
    "11": {
        "count": 1097,
        "conf": 630.0387179255486,
        "acc": 471,
        "bin_acc": 0.4293527803099362,
        "bin_conf": 0.5743288221746112
    },
    "12": {
        "count": 966,
        "conf": 604.1452562212944,
        "acc": 509,
        "bin_acc": 0.5269151138716356,
        "bin_conf": 0.6254091679309466
    },
    "13": {
        "count": 938,
        "conf": 633.6648895740509,
        "acc": 528,
        "bin_acc": 0.5628997867803838,
        "bin_conf": 0.6755489227868346
    },
    "14": {
        "count": 938,
        "conf": 680.0162529349327,
        "acc": 597,
        "bin_acc": 0.6364605543710021,
        "bin_conf": 0.7249640223186916
    },
    "15": {
        "count": 1003,
        "conf": 777.664124250412,
        "acc": 669,
        "bin_acc": 0.6669990029910269,
        "bin_conf": 0.77533810992065
    },
    "16": {
        "count": 1068,
        "conf": 882.1950787901878,
        "acc": 812,
        "bin_acc": 0.7602996254681648,
        "bin_conf": 0.8260253546724605
    },
    "17": {
        "count": 1226,
        "conf": 1074.1385038495064,
        "acc": 983,
        "bin_acc": 0.8017944535073409,
        "bin_conf": 0.8761325480012286
    },
    "18": {
        "count": 1834,
        "conf": 1700.3941432833672,
        "acc": 1599,
        "bin_acc": 0.8718647764449291,
        "bin_conf": 0.9271505688567978
    },
    "19": {
        "count": 8353,
        "conf": 8250.836764335632,
        "acc": 8107,
        "bin_acc": 0.9705495031725129,
        "bin_conf": 0.987769276228377
    }
}