{
    "0": {
        "count": 1263,
        "conf": 51.11448887549341,
        "acc": 45,
        "bin_acc": 0.035629453681710214,
        "bin_conf": 0.04047069586341521
    },
    "1": {
        "count": 5311,
        "conf": 397.2905029319227,
        "acc": 272,
        "bin_acc": 0.05121446055356807,
        "bin_conf": 0.07480521614233152
    },
    "2": {
        "count": 3635,
        "conf": 446.9514315202832,
        "acc": 323,
        "bin_acc": 0.08885832187070151,
        "bin_conf": 0.1229577528253874
    },
    "3": {
        "count": 2374,
        "conf": 411.7999972552061,
        "acc": 303,
        "bin_acc": 0.12763268744734624,
        "bin_conf": 0.1734625093745603
    },
    "4": {
        "count": 1720,
        "conf": 384.73386903107166,
        "acc": 303,
        "bin_acc": 0.17616279069767443,
        "bin_conf": 0.2236824819948091
    },
    "5": {
        "count": 1257,
        "conf": 344.5679145157337,
        "acc": 242,
        "bin_acc": 0.19252187748607796,
        "bin_conf": 0.27411926373566725
    },
    "6": {
        "count": 940,
        "conf": 305.2190460264683,
        "acc": 246,
        "bin_acc": 0.26170212765957446,
        "bin_conf": 0.3247011127941152
    },
    "7": {
        "count": 821,
        "conf": 307.281290769577,
        "acc": 230,
        "bin_acc": 0.2801461632155907,
        "bin_conf": 0.37427684624796226
    },
    "8": {
        "count": 732,
        "conf": 310.627724558115,
        "acc": 250,
        "bin_acc": 0.34153005464480873,
        "bin_conf": 0.42435481497010247
    },
    "9": {
        "count": 647,
        "conf": 307.6172869205475,
        "acc": 249,
        "bin_acc": 0.3848531684698609,
        "bin_conf": 0.4754517572187751
    },
    "10": {
        "count": 581,
        "conf": 305.4921160340309,
        "acc": 228,
        "bin_acc": 0.3924268502581756,
        "bin_conf": 0.5258039862892099
    },
    "11": {
        "count": 535,
        "conf": 307.81895583868027,
        "acc": 238,
        "bin_acc": 0.44485981308411215,
        "bin_conf": 0.5753625342779071
    },
    "12": {
        "count": 538,
        "conf": 335.81284135580063,
        "acc": 257,
        "bin_acc": 0.47769516728624534,
        "bin_conf": 0.6241874374643135
    },
    "13": {
        "count": 527,
        "conf": 355.60686630010605,
        "acc": 272,
        "bin_acc": 0.5161290322580645,
        "bin_conf": 0.6747758373816054
    },
    "14": {
        "count": 537,
        "conf": 389.81917828321457,
        "acc": 306,
        "bin_acc": 0.5698324022346368,
        "bin_conf": 0.7259202575106417
    },
    "15": {
        "count": 549,
        "conf": 425.5465193390846,
        "acc": 337,
        "bin_acc": 0.6138433515482696,
        "bin_conf": 0.7751302720201906
    },
    "16": {
        "count": 618,
        "conf": 510.21942883729935,
        "acc": 431,
        "bin_acc": 0.6974110032362459,
        "bin_conf": 0.8255977812901284
    },
    "17": {
        "count": 758,
        "conf": 664.1674774289131,
        "acc": 537,
        "bin_acc": 0.7084432717678101,
        "bin_conf": 0.876210392386429
    },
    "18": {
        "count": 1058,
        "conf": 981.2208395004272,
        "acc": 825,
        "bin_acc": 0.779773156899811,
        "bin_conf": 0.9274299050098557
    },
    "19": {
        "count": 5599,
        "conf": 5537.573719024658,
        "acc": 5306,
        "bin_acc": 0.9476692266476157,
        "bin_conf": 0.9890290621583601
    }
}