{
    "0": {
        "count": 0,
        "conf": 0,
        "acc": 0,
        "bin_acc": 0,
        "bin_conf": 0
    },
    "1": {
        "count": 67,
        "conf": 5.475483100861311,
        "acc": 5,
        "bin_acc": 0.07462686567164178,
        "bin_conf": 0.08172362837106434
    },
    "2": {
        "count": 280,
        "conf": 36.00823172181845,
        "acc": 22,
        "bin_acc": 0.07857142857142857,
        "bin_conf": 0.12860082757792302
    },
    "3": {
        "count": 708,
        "conf": 125.93446415662766,
        "acc": 66,
        "bin_acc": 0.09322033898305085,
        "bin_conf": 0.17787353694438934
    },
    "4": {
        "count": 1239,
        "conf": 280.8803855776787,
        "acc": 173,
        "bin_acc": 0.13962873284907182,
        "bin_conf": 0.22669926196745657
    },
    "5": {
        "count": 1633,
        "conf": 450.6949400305748,
        "acc": 254,
        "bin_acc": 0.15554194733619106,
        "bin_conf": 0.27599200246820255
    },
    "6": {
        "count": 1952,
        "conf": 635.6640392541885,
        "acc": 403,
        "bin_acc": 0.20645491803278687,
        "bin_conf": 0.3256475610933343
    },
    "7": {
        "count": 2160,
        "conf": 810.9041655361652,
        "acc": 520,
        "bin_acc": 0.24074074074074073,
        "bin_conf": 0.37541859515563203
    },
    "8": {
        "count": 2340,
        "conf": 995.1059348285198,
        "acc": 664,
        "bin_acc": 0.28376068376068375,
        "bin_conf": 0.42525894650791446
    },
    "9": {
        "count": 2630,
        "conf": 1249.830530077219,
        "acc": 892,
        "bin_acc": 0.3391634980988593,
        "bin_conf": 0.475220733869665
    },
    "10": {
        "count": 2553,
        "conf": 1339.431637763977,
        "acc": 963,
        "bin_acc": 0.3772032902467685,
        "bin_conf": 0.524650073546407
    },
    "11": {
        "count": 2441,
        "conf": 1403.4976957440376,
        "acc": 955,
        "bin_acc": 0.39123310118803767,
        "bin_conf": 0.5749683309070207
    },
    "12": {
        "count": 2305,
        "conf": 1439.9797191023827,
        "acc": 1022,
        "bin_acc": 0.44338394793926245,
        "bin_conf": 0.6247200516713157
    },
    "13": {
        "count": 2262,
        "conf": 1526.8400316238403,
        "acc": 1037,
        "bin_acc": 0.45844385499557916,
        "bin_conf": 0.6749955931139877
    },
    "14": {
        "count": 2222,
        "conf": 1611.055855691433,
        "acc": 1120,
        "bin_acc": 0.504050405040504,
        "bin_conf": 0.7250476398251273
    },
    "15": {
        "count": 2307,
        "conf": 1788.3815105557442,
        "acc": 1241,
        "bin_acc": 0.5379280450801908,
        "bin_conf": 0.7751978806050039
    },
    "16": {
        "count": 2476,
        "conf": 2043.1622373461723,
        "acc": 1432,
        "bin_acc": 0.5783521809369951,
        "bin_conf": 0.8251866871349646
    },
    "17": {
        "count": 2828,
        "conf": 2474.7120666503906,
        "acc": 1782,
        "bin_acc": 0.6301272984441302,
        "bin_conf": 0.8750749882073517
    },
    "18": {
        "count": 3778,
        "conf": 3500.526655495167,
        "acc": 2742,
        "bin_acc": 0.725780836421387,
        "bin_conf": 0.9265554937784983
    },
    "19": {
        "count": 13819,
        "conf": 13647.181033551693,
        "acc": 12264,
        "bin_acc": 0.8874737680005789,
        "bin_conf": 0.987566468887162
    }
}