{
    "0": {
        "count": 9,
        "conf": 0.3074045742396265,
        "acc": 0,
        "bin_acc": 0.0,
        "bin_conf": 0.03415606380440295
    },
    "1": {
        "count": 88,
        "conf": 7.417305249720812,
        "acc": 5,
        "bin_acc": 0.056818181818181816,
        "bin_conf": 0.08428755965591832
    },
    "2": {
        "count": 364,
        "conf": 46.98930915445089,
        "acc": 25,
        "bin_acc": 0.06868131868131869,
        "bin_conf": 0.12909150866607388
    },
    "3": {
        "count": 632,
        "conf": 111.93656496703625,
        "acc": 42,
        "bin_acc": 0.06645569620253164,
        "bin_conf": 0.17711481798581685
    },
    "4": {
        "count": 877,
        "conf": 198.15299282968044,
        "acc": 96,
        "bin_acc": 0.10946408209806158,
        "bin_conf": 0.22594411953213278
    },
    "5": {
        "count": 1059,
        "conf": 290.9869333803654,
        "acc": 129,
        "bin_acc": 0.12181303116147309,
        "bin_conf": 0.27477519677088325
    },
    "6": {
        "count": 1219,
        "conf": 395.5552332997322,
        "acc": 174,
        "bin_acc": 0.14273995077932733,
        "bin_conf": 0.3244915777684432
    },
    "7": {
        "count": 1348,
        "conf": 506.7233244776726,
        "acc": 184,
        "bin_acc": 0.13649851632047477,
        "bin_conf": 0.3759075107401132
    },
    "8": {
        "count": 1462,
        "conf": 621.45653834939,
        "acc": 270,
        "bin_acc": 0.18467852257181944,
        "bin_conf": 0.4250728716480096
    },
    "9": {
        "count": 1619,
        "conf": 770.9173962473869,
        "acc": 339,
        "bin_acc": 0.20938851142680667,
        "bin_conf": 0.4761688673547788
    },
    "10": {
        "count": 1869,
        "conf": 980.5181373953819,
        "acc": 509,
        "bin_acc": 0.2723381487426431,
        "bin_conf": 0.5246217963592199
    },
    "11": {
        "count": 1626,
        "conf": 933.2642886042595,
        "acc": 423,
        "bin_acc": 0.26014760147601473,
        "bin_conf": 0.5739632771243909
    },
    "12": {
        "count": 1506,
        "conf": 941.1558305621147,
        "acc": 443,
        "bin_acc": 0.29415670650730413,
        "bin_conf": 0.624937470492772
    },
    "13": {
        "count": 1700,
        "conf": 1147.2477021217346,
        "acc": 516,
        "bin_acc": 0.3035294117647059,
        "bin_conf": 0.6748515894833733
    },
    "14": {
        "count": 1626,
        "conf": 1180.1390181183815,
        "acc": 505,
        "bin_acc": 0.3105781057810578,
        "bin_conf": 0.7257927540703454
    },
    "15": {
        "count": 1757,
        "conf": 1361.612581372261,
        "acc": 572,
        "bin_acc": 0.3255549231644849,
        "bin_conf": 0.7749644743154588
    },
    "16": {
        "count": 1901,
        "conf": 1569.3533687591553,
        "acc": 730,
        "bin_acc": 0.3840084166228301,
        "bin_conf": 0.8255409619985036
    },
    "17": {
        "count": 2308,
        "conf": 2021.4370067119598,
        "acc": 959,
        "bin_acc": 0.4155112651646447,
        "bin_conf": 0.8758392576741594
    },
    "18": {
        "count": 3193,
        "conf": 2959.772397875786,
        "acc": 1459,
        "bin_acc": 0.4569370497964297,
        "bin_conf": 0.9269565918809226
    },
    "19": {
        "count": 23837,
        "conf": 23660.786463439465,
        "acc": 18100,
        "bin_acc": 0.7593237404035743,
        "bin_conf": 0.99260756233752
    }
}