{
    "0": {
        "count": 2,
        "conf": 0.058342850767076015,
        "acc": 0,
        "bin_acc": 0.0,
        "bin_conf": 0.029171425383538008
    },
    "1": {
        "count": 4,
        "conf": 0.3345728889107704,
        "acc": 0,
        "bin_acc": 0.0,
        "bin_conf": 0.0836432222276926
    },
    "2": {
        "count": 47,
        "conf": 6.071276821196079,
        "acc": 9,
        "bin_acc": 0.19148936170212766,
        "bin_conf": 0.12917610257863998
    },
    "3": {
        "count": 117,
        "conf": 20.988352701067924,
        "acc": 19,
        "bin_acc": 0.1623931623931624,
        "bin_conf": 0.17938762992365748
    },
    "4": {
        "count": 249,
        "conf": 56.46761463582516,
        "acc": 42,
        "bin_acc": 0.1686746987951807,
        "bin_conf": 0.22677756881857491
    },
    "5": {
        "count": 374,
        "conf": 103.58088165521622,
        "acc": 96,
        "bin_acc": 0.25668449197860965,
        "bin_conf": 0.2769542290246423
    },
    "6": {
        "count": 580,
        "conf": 189.5809197127819,
        "acc": 185,
        "bin_acc": 0.31896551724137934,
        "bin_conf": 0.3268636546772102
    },
    "7": {
        "count": 781,
        "conf": 294.07456573843956,
        "acc": 294,
        "bin_acc": 0.3764404609475032,
        "bin_conf": 0.3765359356446089
    },
    "8": {
        "count": 1101,
        "conf": 469.0764283835888,
        "acc": 493,
        "bin_acc": 0.4477747502270663,
        "bin_conf": 0.42604580234658385
    },
    "9": {
        "count": 1230,
        "conf": 584.0001822412014,
        "acc": 588,
        "bin_acc": 0.47804878048780486,
        "bin_conf": 0.4747968961310581
    },
    "10": {
        "count": 1160,
        "conf": 609.1694153547287,
        "acc": 617,
        "bin_acc": 0.531896551724138,
        "bin_conf": 0.5251460477195937
    },
    "11": {
        "count": 1162,
        "conf": 668.0219702124596,
        "acc": 650,
        "bin_acc": 0.5593803786574871,
        "bin_conf": 0.574889819459948
    },
    "12": {
        "count": 1237,
        "conf": 773.0270639657974,
        "acc": 737,
        "bin_acc": 0.5957962813257882,
        "bin_conf": 0.6249208277815662
    },
    "13": {
        "count": 1362,
        "conf": 920.5172861814499,
        "acc": 828,
        "bin_acc": 0.6079295154185022,
        "bin_conf": 0.6758570383123714
    },
    "14": {
        "count": 1694,
        "conf": 1228.2645075321198,
        "acc": 1201,
        "bin_acc": 0.7089728453364817,
        "bin_conf": 0.7250675959457613
    },
    "15": {
        "count": 2392,
        "conf": 1858.5610681176186,
        "acc": 1889,
        "bin_acc": 0.7897157190635451,
        "bin_conf": 0.7769904130926499
    },
    "16": {
        "count": 4657,
        "conf": 3859.8883034586906,
        "acc": 4025,
        "bin_acc": 0.8642903156538544,
        "bin_conf": 0.8288357963192379
    },
    "17": {
        "count": 15831,
        "conf": 13932.740593135357,
        "acc": 15061,
        "bin_acc": 0.9513612532373192,
        "bin_conf": 0.8800922615839402
    },
    "18": {
        "count": 15649,
        "conf": 14347.484955251217,
        "acc": 15203,
        "bin_acc": 0.9714997763435363,
        "bin_conf": 0.9168307850502407
    },
    "19": {
        "count": 371,
        "conf": 355.6061522960663,
        "acc": 358,
        "bin_acc": 0.9649595687331537,
        "bin_conf": 0.9585071490460008
    }
}