{
    "0": {
        "count": 2,
        "conf": 0.06326296739280224,
        "acc": 0,
        "bin_acc": 0.0,
        "bin_conf": 0.03163148369640112
    },
    "1": {
        "count": 16,
        "conf": 1.3538243100047112,
        "acc": 1,
        "bin_acc": 0.0625,
        "bin_conf": 0.08461401937529445
    },
    "2": {
        "count": 89,
        "conf": 11.429407738149166,
        "acc": 14,
        "bin_acc": 0.15730337078651685,
        "bin_conf": 0.12842031166459736
    },
    "3": {
        "count": 180,
        "conf": 31.53857819736004,
        "acc": 32,
        "bin_acc": 0.17777777777777778,
        "bin_conf": 0.17521432331866688
    },
    "4": {
        "count": 328,
        "conf": 74.33682796359062,
        "acc": 67,
        "bin_acc": 0.20426829268292682,
        "bin_conf": 0.2266366706207031
    },
    "5": {
        "count": 415,
        "conf": 115.44057077169418,
        "acc": 120,
        "bin_acc": 0.2891566265060241,
        "bin_conf": 0.27817005005227513
    },
    "6": {
        "count": 594,
        "conf": 193.2296769618988,
        "acc": 167,
        "bin_acc": 0.28114478114478114,
        "bin_conf": 0.3253024864678431
    },
    "7": {
        "count": 803,
        "conf": 302.6487049460411,
        "acc": 304,
        "bin_acc": 0.37858032378580325,
        "bin_conf": 0.3768975154994285
    },
    "8": {
        "count": 1100,
        "conf": 469.0882415473461,
        "acc": 470,
        "bin_acc": 0.42727272727272725,
        "bin_conf": 0.42644385595213286
    },
    "9": {
        "count": 1330,
        "conf": 631.6726241111755,
        "acc": 605,
        "bin_acc": 0.4548872180451128,
        "bin_conf": 0.4749418226399816
    },
    "10": {
        "count": 1345,
        "conf": 705.760551571846,
        "acc": 659,
        "bin_acc": 0.4899628252788104,
        "bin_conf": 0.5247290346259078
    },
    "11": {
        "count": 1276,
        "conf": 733.9844004511833,
        "acc": 728,
        "bin_acc": 0.5705329153605015,
        "bin_conf": 0.5752228843661311
    },
    "12": {
        "count": 1446,
        "conf": 904.1991387009621,
        "acc": 886,
        "bin_acc": 0.6127247579529738,
        "bin_conf": 0.6253106076770139
    },
    "13": {
        "count": 1673,
        "conf": 1130.644502043724,
        "acc": 1093,
        "bin_acc": 0.653317393903168,
        "bin_conf": 0.6758185905820228
    },
    "14": {
        "count": 2073,
        "conf": 1504.8207606077194,
        "acc": 1464,
        "bin_acc": 0.7062228654124457,
        "bin_conf": 0.7259145010167484
    },
    "15": {
        "count": 2947,
        "conf": 2290.6531718969345,
        "acc": 2345,
        "bin_acc": 0.7957244655581948,
        "bin_conf": 0.7772830579901373
    },
    "16": {
        "count": 5958,
        "conf": 4937.865187942982,
        "acc": 5282,
        "bin_acc": 0.8865391070829137,
        "bin_conf": 0.8287789842133235
    },
    "17": {
        "count": 18042,
        "conf": 15863.915143609047,
        "acc": 17307,
        "bin_acc": 0.9592617226471566,
        "bin_conf": 0.8792769728194794
    },
    "18": {
        "count": 9817,
        "conf": 8978.72978824377,
        "acc": 9469,
        "bin_acc": 0.9645512885810329,
        "bin_conf": 0.9146103481963707
    },
    "19": {
        "count": 566,
        "conf": 545.4069191217422,
        "acc": 527,
        "bin_acc": 0.931095406360424,
        "bin_conf": 0.9636164648794032
    }
}