{
    "0": {
        "count": 182,
        "conf": 7.531281445175409,
        "acc": 7,
        "bin_acc": 0.038461538461538464,
        "bin_conf": 0.041380667281183565
    },
    "1": {
        "count": 1850,
        "conf": 145.25329599529505,
        "acc": 90,
        "bin_acc": 0.04864864864864865,
        "bin_conf": 0.07851529513259192
    },
    "2": {
        "count": 2444,
        "conf": 305.32291869819164,
        "acc": 167,
        "bin_acc": 0.06833060556464812,
        "bin_conf": 0.1249275444755285
    },
    "3": {
        "count": 2268,
        "conf": 394.45414896309376,
        "acc": 237,
        "bin_acc": 0.10449735449735449,
        "bin_conf": 0.1739215824352265
    },
    "4": {
        "count": 1838,
        "conf": 411.86410146951675,
        "acc": 201,
        "bin_acc": 0.10935799782372144,
        "bin_conf": 0.22408275379190248
    },
    "5": {
        "count": 1504,
        "conf": 411.2858016490936,
        "acc": 218,
        "bin_acc": 0.1449468085106383,
        "bin_conf": 0.27346130428796117
    },
    "6": {
        "count": 1381,
        "conf": 448.3145712018013,
        "acc": 235,
        "bin_acc": 0.17016654598117306,
        "bin_conf": 0.32463039189123916
    },
    "7": {
        "count": 1133,
        "conf": 424.8599925339222,
        "acc": 216,
        "bin_acc": 0.19064430714916153,
        "bin_conf": 0.37498675422234967
    },
    "8": {
        "count": 1008,
        "conf": 427.31996712088585,
        "acc": 226,
        "bin_acc": 0.22420634920634921,
        "bin_conf": 0.42392853881040266
    },
    "9": {
        "count": 963,
        "conf": 457.9820762872696,
        "acc": 229,
        "bin_acc": 0.23779854620976115,
        "bin_conf": 0.47557848004908576
    },
    "10": {
        "count": 842,
        "conf": 441.376629114151,
        "acc": 233,
        "bin_acc": 0.27672209026128264,
        "bin_conf": 0.5242002721070677
    },
    "11": {
        "count": 809,
        "conf": 465.2321485877037,
        "acc": 251,
        "bin_acc": 0.31025957972805934,
        "bin_conf": 0.5750706410231196
    },
    "12": {
        "count": 769,
        "conf": 480.2066724896431,
        "acc": 268,
        "bin_acc": 0.34850455136540964,
        "bin_conf": 0.6244560110398479
    },
    "13": {
        "count": 730,
        "conf": 493.2701634168625,
        "acc": 284,
        "bin_acc": 0.38904109589041097,
        "bin_conf": 0.6757125526258391
    },
    "14": {
        "count": 705,
        "conf": 511.14345479011536,
        "acc": 307,
        "bin_acc": 0.43546099290780144,
        "bin_conf": 0.7250261770072558
    },
    "15": {
        "count": 728,
        "conf": 563.9969789385796,
        "acc": 332,
        "bin_acc": 0.45604395604395603,
        "bin_conf": 0.7747211249156313
    },
    "16": {
        "count": 777,
        "conf": 641.7689848542213,
        "acc": 423,
        "bin_acc": 0.5444015444015444,
        "bin_conf": 0.8259575094648923
    },
    "17": {
        "count": 928,
        "conf": 812.7407954931259,
        "acc": 502,
        "bin_acc": 0.540948275862069,
        "bin_conf": 0.8757982710055237
    },
    "18": {
        "count": 1307,
        "conf": 1211.0842106938362,
        "acc": 811,
        "bin_acc": 0.6205049732211171,
        "bin_conf": 0.9266137801789106
    },
    "19": {
        "count": 7834,
        "conf": 7767.782818078995,
        "acc": 6941,
        "bin_acc": 0.8860097013020168,
        "bin_conf": 0.9915474620984165
    }
}