{
    "0": {
        "count": 10,
        "conf": 0.3803446041420102,
        "acc": 0,
        "bin_acc": 0.0,
        "bin_conf": 0.03803446041420102
    },
    "1": {
        "count": 92,
        "conf": 7.132656801491976,
        "acc": 7,
        "bin_acc": 0.07608695652173914,
        "bin_conf": 0.0775288782770867
    },
    "2": {
        "count": 216,
        "conf": 27.644471786916256,
        "acc": 27,
        "bin_acc": 0.125,
        "bin_conf": 0.12798366568016786
    },
    "3": {
        "count": 372,
        "conf": 65.49425312876701,
        "acc": 64,
        "bin_acc": 0.17204301075268819,
        "bin_conf": 0.17605982023862102
    },
    "4": {
        "count": 432,
        "conf": 97.80957281589508,
        "acc": 94,
        "bin_acc": 0.2175925925925926,
        "bin_conf": 0.22641104818494232
    },
    "5": {
        "count": 499,
        "conf": 137.9278193116188,
        "acc": 115,
        "bin_acc": 0.23046092184368738,
        "bin_conf": 0.2764084555343062
    },
    "6": {
        "count": 545,
        "conf": 177.28568750619888,
        "acc": 150,
        "bin_acc": 0.27522935779816515,
        "bin_conf": 0.32529483946091536
    },
    "7": {
        "count": 623,
        "conf": 233.3425092101097,
        "acc": 190,
        "bin_acc": 0.30497592295345105,
        "bin_conf": 0.374546563740144
    },
    "8": {
        "count": 702,
        "conf": 298.4751840233803,
        "acc": 231,
        "bin_acc": 0.32905982905982906,
        "bin_conf": 0.42517832481963
    },
    "9": {
        "count": 828,
        "conf": 394.1282547414303,
        "acc": 327,
        "bin_acc": 0.39492753623188404,
        "bin_conf": 0.47600030765873225
    },
    "10": {
        "count": 933,
        "conf": 490.1935421228409,
        "acc": 392,
        "bin_acc": 0.42015005359056806,
        "bin_conf": 0.5253950076343418
    },
    "11": {
        "count": 940,
        "conf": 539.764037489891,
        "acc": 429,
        "bin_acc": 0.4563829787234043,
        "bin_conf": 0.5742170611594586
    },
    "12": {
        "count": 893,
        "conf": 557.7901323437691,
        "acc": 464,
        "bin_acc": 0.5195968645016797,
        "bin_conf": 0.6246250082237056
    },
    "13": {
        "count": 900,
        "conf": 608.2409381866455,
        "acc": 456,
        "bin_acc": 0.5066666666666667,
        "bin_conf": 0.6758232646518283
    },
    "14": {
        "count": 1022,
        "conf": 740.9124244451523,
        "acc": 527,
        "bin_acc": 0.5156555772994129,
        "bin_conf": 0.7249632333122821
    },
    "15": {
        "count": 1115,
        "conf": 865.6451694965363,
        "acc": 616,
        "bin_acc": 0.5524663677130045,
        "bin_conf": 0.7763633807143823
    },
    "16": {
        "count": 1190,
        "conf": 982.1572016477585,
        "acc": 716,
        "bin_acc": 0.6016806722689075,
        "bin_conf": 0.8253421862586205
    },
    "17": {
        "count": 1502,
        "conf": 1315.1552215218544,
        "acc": 954,
        "bin_acc": 0.6351531291611185,
        "bin_conf": 0.8756026774446434
    },
    "18": {
        "count": 2298,
        "conf": 2132.451805770397,
        "acc": 1597,
        "bin_acc": 0.6949521322889469,
        "bin_conf": 0.9279598806659692
    },
    "19": {
        "count": 34888,
        "conf": 34741.47515898943,
        "acc": 32696,
        "bin_acc": 0.9371703737674846,
        "bin_conf": 0.995800136407631
    }
}