{
    "0": {
        "count": 3,
        "conf": 0.07716869935393333,
        "acc": 0,
        "bin_acc": 0.0,
        "bin_conf": 0.025722899784644444
    },
    "1": {
        "count": 57,
        "conf": 4.782760322093964,
        "acc": 11,
        "bin_acc": 0.19298245614035087,
        "bin_conf": 0.08390807582620989
    },
    "2": {
        "count": 133,
        "conf": 16.86043071746826,
        "acc": 29,
        "bin_acc": 0.21804511278195488,
        "bin_conf": 0.12677015577043807
    },
    "3": {
        "count": 189,
        "conf": 33.302857622504234,
        "acc": 37,
        "bin_acc": 0.19576719576719576,
        "bin_conf": 0.1762055958862658
    },
    "4": {
        "count": 316,
        "conf": 71.82858918607235,
        "acc": 103,
        "bin_acc": 0.3259493670886076,
        "bin_conf": 0.2273056619812416
    },
    "5": {
        "count": 425,
        "conf": 116.7098360657692,
        "acc": 136,
        "bin_acc": 0.32,
        "bin_conf": 0.2746113789782805
    },
    "6": {
        "count": 536,
        "conf": 175.23616334795952,
        "acc": 191,
        "bin_acc": 0.35634328358208955,
        "bin_conf": 0.32693314057455136
    },
    "7": {
        "count": 695,
        "conf": 261.85838332772255,
        "acc": 292,
        "bin_acc": 0.4201438848920863,
        "bin_conf": 0.37677465227010437
    },
    "8": {
        "count": 894,
        "conf": 381.01658245921135,
        "acc": 442,
        "bin_acc": 0.49440715883668906,
        "bin_conf": 0.4261930452563885
    },
    "9": {
        "count": 1249,
        "conf": 593.753036648035,
        "acc": 630,
        "bin_acc": 0.5044035228182546,
        "bin_conf": 0.4753827355068335
    },
    "10": {
        "count": 1321,
        "conf": 693.6571122407913,
        "acc": 710,
        "bin_acc": 0.5374716124148372,
        "bin_conf": 0.5251000092663068
    },
    "11": {
        "count": 1329,
        "conf": 763.8253301978111,
        "acc": 791,
        "bin_acc": 0.5951843491346878,
        "bin_conf": 0.5747368925491431
    },
    "12": {
        "count": 1343,
        "conf": 839.2444614171982,
        "acc": 831,
        "bin_acc": 0.6187639612807149,
        "bin_conf": 0.6249028007574075
    },
    "13": {
        "count": 1368,
        "conf": 924.1904656887054,
        "acc": 916,
        "bin_acc": 0.6695906432748538,
        "bin_conf": 0.6755778257958374
    },
    "14": {
        "count": 1514,
        "conf": 1097.6217429041862,
        "acc": 1060,
        "bin_acc": 0.7001321003963011,
        "bin_conf": 0.7249813361322234
    },
    "15": {
        "count": 1901,
        "conf": 1475.2792522907257,
        "acc": 1466,
        "bin_acc": 0.7711730668069438,
        "bin_conf": 0.7760543147242113
    },
    "16": {
        "count": 2602,
        "conf": 2150.750981271267,
        "acc": 2158,
        "bin_acc": 0.8293620292083013,
        "bin_conf": 0.8265760881134769
    },
    "17": {
        "count": 4498,
        "conf": 3950.7626397013664,
        "acc": 4040,
        "bin_acc": 0.8981769675411294,
        "bin_conf": 0.8783376255449903
    },
    "18": {
        "count": 20088,
        "conf": 18724.229922771454,
        "acc": 19538,
        "bin_acc": 0.9726204699322979,
        "bin_conf": 0.932110211209252
    },
    "19": {
        "count": 9539,
        "conf": 9176.471176147461,
        "acc": 9378,
        "bin_acc": 0.9831219205367439,
        "bin_conf": 0.9619950913248203
    }
}