{
    "0": {
        "count": 19,
        "conf": 0.8271614722907543,
        "acc": 0,
        "bin_acc": 0.0,
        "bin_conf": 0.04353481433109233
    },
    "1": {
        "count": 536,
        "conf": 44.097025614231825,
        "acc": 6,
        "bin_acc": 0.011194029850746268,
        "bin_conf": 0.08227057017580565
    },
    "2": {
        "count": 1096,
        "conf": 137.82324071228504,
        "acc": 23,
        "bin_acc": 0.020985401459854013,
        "bin_conf": 0.12575113203675642
    },
    "3": {
        "count": 1041,
        "conf": 181.88218219578266,
        "acc": 22,
        "bin_acc": 0.021133525456292025,
        "bin_conf": 0.17471871488547805
    },
    "4": {
        "count": 903,
        "conf": 201.9156854301691,
        "acc": 23,
        "bin_acc": 0.02547065337763012,
        "bin_conf": 0.2236054102216712
    },
    "5": {
        "count": 742,
        "conf": 202.89234533905983,
        "acc": 22,
        "bin_acc": 0.029649595687331536,
        "bin_conf": 0.27343981851625315
    },
    "6": {
        "count": 569,
        "conf": 184.25606256723404,
        "acc": 26,
        "bin_acc": 0.04569420035149385,
        "bin_conf": 0.3238243630355607
    },
    "7": {
        "count": 480,
        "conf": 179.5173776447773,
        "acc": 22,
        "bin_acc": 0.04583333333333333,
        "bin_conf": 0.3739945367599527
    },
    "8": {
        "count": 393,
        "conf": 166.78937929868698,
        "acc": 27,
        "bin_acc": 0.06870229007633588,
        "bin_conf": 0.4244004562307557
    },
    "9": {
        "count": 313,
        "conf": 148.27159798145294,
        "acc": 16,
        "bin_acc": 0.051118210862619806,
        "bin_conf": 0.4737111756595941
    },
    "10": {
        "count": 247,
        "conf": 129.33316427469254,
        "acc": 15,
        "bin_acc": 0.06072874493927125,
        "bin_conf": 0.5236160496951114
    },
    "11": {
        "count": 214,
        "conf": 122.71003764867783,
        "acc": 13,
        "bin_acc": 0.06074766355140187,
        "bin_conf": 0.573411390881672
    },
    "12": {
        "count": 193,
        "conf": 120.80182075500488,
        "acc": 8,
        "bin_acc": 0.04145077720207254,
        "bin_conf": 0.6259161697150512
    },
    "13": {
        "count": 158,
        "conf": 106.55236852169037,
        "acc": 8,
        "bin_acc": 0.05063291139240506,
        "bin_conf": 0.6743820792512049
    },
    "14": {
        "count": 129,
        "conf": 93.55508345365524,
        "acc": 8,
        "bin_acc": 0.06201550387596899,
        "bin_conf": 0.7252332050670949
    },
    "15": {
        "count": 128,
        "conf": 99.25467771291733,
        "acc": 10,
        "bin_acc": 0.078125,
        "bin_conf": 0.7754271696321666
    },
    "16": {
        "count": 91,
        "conf": 74.60074388980865,
        "acc": 4,
        "bin_acc": 0.04395604395604396,
        "bin_conf": 0.8197883943935017
    },
    "17": {
        "count": 91,
        "conf": 79.48830562829971,
        "acc": 4,
        "bin_acc": 0.04395604395604396,
        "bin_conf": 0.8734978640472496
    },
    "18": {
        "count": 81,
        "conf": 74.85102450847626,
        "acc": 2,
        "bin_acc": 0.024691358024691357,
        "bin_conf": 0.9240867223268674
    },
    "19": {
        "count": 76,
        "conf": 74.01138353347778,
        "acc": 8,
        "bin_acc": 0.10526315789473684,
        "bin_conf": 0.9738339938615498
    }
}