{
    "0": {
        "count": 216,
        "conf": 6.519579674582928,
        "acc": 29,
        "bin_acc": 0.13425925925925927,
        "bin_conf": 0.030183239234180224
    },
    "1": {
        "count": 299,
        "conf": 22.647661563009024,
        "acc": 70,
        "bin_acc": 0.23411371237458195,
        "bin_conf": 0.07574468750170242
    },
    "2": {
        "count": 327,
        "conf": 41.25875350087881,
        "acc": 78,
        "bin_acc": 0.23853211009174313,
        "bin_conf": 0.12617355810666303
    },
    "3": {
        "count": 314,
        "conf": 54.957335501909256,
        "acc": 76,
        "bin_acc": 0.24203821656050956,
        "bin_conf": 0.17502336147104858
    },
    "4": {
        "count": 326,
        "conf": 73.24844901263714,
        "acc": 87,
        "bin_acc": 0.2668711656441718,
        "bin_conf": 0.2246884939037949
    },
    "5": {
        "count": 306,
        "conf": 84.28107592463493,
        "acc": 103,
        "bin_acc": 0.3366013071895425,
        "bin_conf": 0.2754283526948854
    },
    "6": {
        "count": 308,
        "conf": 99.99139186739922,
        "acc": 101,
        "bin_acc": 0.32792207792207795,
        "bin_conf": 0.3246473761928546
    },
    "7": {
        "count": 279,
        "conf": 104.80323800444603,
        "acc": 103,
        "bin_acc": 0.36917562724014336,
        "bin_conf": 0.3756388458940718
    },
    "8": {
        "count": 329,
        "conf": 139.84336537122726,
        "acc": 118,
        "bin_acc": 0.3586626139817629,
        "bin_conf": 0.4250558217970434
    },
    "9": {
        "count": 306,
        "conf": 145.47217264771461,
        "acc": 121,
        "bin_acc": 0.3954248366013072,
        "bin_conf": 0.4753992570186752
    },
    "10": {
        "count": 317,
        "conf": 166.4559965133667,
        "acc": 129,
        "bin_acc": 0.4069400630914827,
        "bin_conf": 0.5250977807992641
    },
    "11": {
        "count": 322,
        "conf": 185.36374586820602,
        "acc": 151,
        "bin_acc": 0.468944099378882,
        "bin_conf": 0.5756638070441181
    },
    "12": {
        "count": 275,
        "conf": 171.81199479103088,
        "acc": 124,
        "bin_acc": 0.4509090909090909,
        "bin_conf": 0.6247708901492032
    },
    "13": {
        "count": 293,
        "conf": 197.87346202135086,
        "acc": 137,
        "bin_acc": 0.46757679180887374,
        "bin_conf": 0.6753360478544398
    },
    "14": {
        "count": 288,
        "conf": 208.94787698984146,
        "acc": 160,
        "bin_acc": 0.5555555555555556,
        "bin_conf": 0.7255134617702829
    },
    "15": {
        "count": 297,
        "conf": 230.4426799416542,
        "acc": 160,
        "bin_acc": 0.5387205387205387,
        "bin_conf": 0.775901279264829
    },
    "16": {
        "count": 384,
        "conf": 316.7915939092636,
        "acc": 216,
        "bin_acc": 0.5625,
        "bin_conf": 0.8249781091387073
    },
    "17": {
        "count": 465,
        "conf": 407.3018264770508,
        "acc": 314,
        "bin_acc": 0.6752688172043011,
        "bin_conf": 0.8759179064022597
    },
    "18": {
        "count": 762,
        "conf": 707.3015342950821,
        "acc": 534,
        "bin_acc": 0.7007874015748031,
        "bin_conf": 0.9282172366077193
    },
    "19": {
        "count": 1087,
        "conf": 1053.883673608303,
        "acc": 896,
        "bin_acc": 0.8242870285188593,
        "bin_conf": 0.9695341983517047
    }
}