{
    "0": {
        "count": 159,
        "conf": 6.0415451833978295,
        "acc": 27,
        "bin_acc": 0.16981132075471697,
        "bin_conf": 0.037997139518225344
    },
    "1": {
        "count": 580,
        "conf": 44.45285585522652,
        "acc": 83,
        "bin_acc": 0.14310344827586208,
        "bin_conf": 0.07664285492280434
    },
    "2": {
        "count": 660,
        "conf": 82.70395473390818,
        "acc": 124,
        "bin_acc": 0.18787878787878787,
        "bin_conf": 0.1253090223241033
    },
    "3": {
        "count": 685,
        "conf": 119.85386791825294,
        "acc": 166,
        "bin_acc": 0.24233576642335766,
        "bin_conf": 0.17496915024562473
    },
    "4": {
        "count": 738,
        "conf": 165.87179601192474,
        "acc": 200,
        "bin_acc": 0.27100271002710025,
        "bin_conf": 0.22475853118146985
    },
    "5": {
        "count": 777,
        "conf": 213.37779983878136,
        "acc": 218,
        "bin_acc": 0.2805662805662806,
        "bin_conf": 0.27461750301001464
    },
    "6": {
        "count": 822,
        "conf": 267.4575549066067,
        "acc": 273,
        "bin_acc": 0.33211678832116787,
        "bin_conf": 0.32537415438759937
    },
    "7": {
        "count": 957,
        "conf": 359.1975760757923,
        "acc": 340,
        "bin_acc": 0.3552769070010449,
        "bin_conf": 0.3753370700896471
    },
    "8": {
        "count": 969,
        "conf": 411.5389412641525,
        "acc": 386,
        "bin_acc": 0.39834881320949433,
        "bin_conf": 0.42470478974628745
    },
    "9": {
        "count": 1191,
        "conf": 566.413681268692,
        "acc": 506,
        "bin_acc": 0.4248530646515533,
        "bin_conf": 0.47557823784105124
    },
    "10": {
        "count": 1339,
        "conf": 703.5149155855179,
        "acc": 626,
        "bin_acc": 0.467513069454817,
        "bin_conf": 0.5254032229914248
    },
    "11": {
        "count": 1333,
        "conf": 766.2053241729736,
        "acc": 670,
        "bin_acc": 0.5026256564141035,
        "bin_conf": 0.5747976925528684
    },
    "12": {
        "count": 1248,
        "conf": 779.7456743717194,
        "acc": 631,
        "bin_acc": 0.5056089743589743,
        "bin_conf": 0.6247962134388777
    },
    "13": {
        "count": 1367,
        "conf": 922.772853076458,
        "acc": 784,
        "bin_acc": 0.5735186539868324,
        "bin_conf": 0.6750350059081623
    },
    "14": {
        "count": 1399,
        "conf": 1014.4259428977966,
        "acc": 890,
        "bin_acc": 0.636168691922802,
        "bin_conf": 0.7251078934222992
    },
    "15": {
        "count": 1463,
        "conf": 1134.6895297765732,
        "acc": 961,
        "bin_acc": 0.6568694463431306,
        "bin_conf": 0.7755909294440008
    },
    "16": {
        "count": 1728,
        "conf": 1426.054354429245,
        "acc": 1152,
        "bin_acc": 0.6666666666666666,
        "bin_conf": 0.8252629365909983
    },
    "17": {
        "count": 2233,
        "conf": 1955.9717889428139,
        "acc": 1687,
        "bin_acc": 0.7554858934169278,
        "bin_conf": 0.8759390008700465
    },
    "18": {
        "count": 3529,
        "conf": 3273.5486733317375,
        "acc": 2913,
        "bin_acc": 0.8254463020685747,
        "bin_conf": 0.9276136790398802
    },
    "19": {
        "count": 26823,
        "conf": 26561.079853892326,
        "acc": 25755,
        "bin_acc": 0.9601834246728553,
        "bin_conf": 0.9902352404239767
    }
}