{
    "0": {
        "count": 8,
        "conf": 0.29892077296972275,
        "acc": 0,
        "bin_acc": 0.0,
        "bin_conf": 0.037365096621215343
    },
    "1": {
        "count": 76,
        "conf": 6.110411901026964,
        "acc": 3,
        "bin_acc": 0.039473684210526314,
        "bin_conf": 0.08040015659246005
    },
    "2": {
        "count": 264,
        "conf": 34.06605966389179,
        "acc": 4,
        "bin_acc": 0.015151515151515152,
        "bin_conf": 0.1290381047874689
    },
    "3": {
        "count": 433,
        "conf": 76.27408021688461,
        "acc": 14,
        "bin_acc": 0.03233256351039261,
        "bin_conf": 0.1761526102006573
    },
    "4": {
        "count": 494,
        "conf": 111.90475592017174,
        "acc": 18,
        "bin_acc": 0.03643724696356275,
        "bin_conf": 0.22652784599225048
    },
    "5": {
        "count": 521,
        "conf": 143.06739088892937,
        "acc": 24,
        "bin_acc": 0.046065259117082535,
        "bin_conf": 0.27460151802097765
    },
    "6": {
        "count": 542,
        "conf": 176.56685090065002,
        "acc": 26,
        "bin_acc": 0.04797047970479705,
        "bin_conf": 0.3257690976026753
    },
    "7": {
        "count": 496,
        "conf": 185.47463205456734,
        "acc": 27,
        "bin_acc": 0.05443548387096774,
        "bin_conf": 0.3739407904325954
    },
    "8": {
        "count": 469,
        "conf": 199.20192766189575,
        "acc": 26,
        "bin_acc": 0.05543710021321962,
        "bin_conf": 0.42473758563304
    },
    "9": {
        "count": 432,
        "conf": 204.8674344420433,
        "acc": 26,
        "bin_acc": 0.06018518518518518,
        "bin_conf": 0.4742301723195447
    },
    "10": {
        "count": 405,
        "conf": 212.9576820731163,
        "acc": 27,
        "bin_acc": 0.06666666666666667,
        "bin_conf": 0.5258214372175711
    },
    "11": {
        "count": 308,
        "conf": 177.0516763329506,
        "acc": 14,
        "bin_acc": 0.045454545454545456,
        "bin_conf": 0.5748431049771123
    },
    "12": {
        "count": 339,
        "conf": 211.6799024939537,
        "acc": 22,
        "bin_acc": 0.06489675516224189,
        "bin_conf": 0.6244244911326068
    },
    "13": {
        "count": 348,
        "conf": 234.9912065267563,
        "acc": 23,
        "bin_acc": 0.06609195402298851,
        "bin_conf": 0.6752620877205641
    },
    "14": {
        "count": 246,
        "conf": 178.58140540122986,
        "acc": 26,
        "bin_acc": 0.10569105691056911,
        "bin_conf": 0.725940672362723
    },
    "15": {
        "count": 265,
        "conf": 205.49178808927536,
        "acc": 24,
        "bin_acc": 0.09056603773584905,
        "bin_conf": 0.7754407097708504
    },
    "16": {
        "count": 310,
        "conf": 255.61910736560822,
        "acc": 18,
        "bin_acc": 0.05806451612903226,
        "bin_conf": 0.8245777656955103
    },
    "17": {
        "count": 313,
        "conf": 274.34478276968,
        "acc": 26,
        "bin_acc": 0.08306709265175719,
        "bin_conf": 0.8765009034175081
    },
    "18": {
        "count": 386,
        "conf": 357.22382616996765,
        "acc": 46,
        "bin_acc": 0.11917098445595854,
        "bin_conf": 0.9254503268652011
    },
    "19": {
        "count": 845,
        "conf": 832.2795916199684,
        "acc": 127,
        "bin_acc": 0.1502958579881657,
        "bin_conf": 0.984946262272152
    }
}