{
    "0": {
        "count": 0,
        "conf": 0,
        "acc": 0,
        "bin_acc": 0,
        "bin_conf": 0
    },
    "1": {
        "count": 7,
        "conf": 0.6051950231194496,
        "acc": 0,
        "bin_acc": 0.0,
        "bin_conf": 0.08645643187420708
    },
    "2": {
        "count": 110,
        "conf": 14.191899836063385,
        "acc": 6,
        "bin_acc": 0.05454545454545454,
        "bin_conf": 0.12901727123693987
    },
    "3": {
        "count": 242,
        "conf": 42.61369761824608,
        "acc": 7,
        "bin_acc": 0.028925619834710745,
        "bin_conf": 0.17608965957952924
    },
    "4": {
        "count": 414,
        "conf": 93.44403468072414,
        "acc": 25,
        "bin_acc": 0.06038647342995169,
        "bin_conf": 0.22571022869740132
    },
    "5": {
        "count": 516,
        "conf": 142.38210421800613,
        "acc": 39,
        "bin_acc": 0.0755813953488372,
        "bin_conf": 0.2759343105000119
    },
    "6": {
        "count": 548,
        "conf": 178.09844610095024,
        "acc": 56,
        "bin_acc": 0.10218978102189781,
        "bin_conf": 0.3249971644177924
    },
    "7": {
        "count": 520,
        "conf": 195.38552975654602,
        "acc": 54,
        "bin_acc": 0.10384615384615385,
        "bin_conf": 0.3757414033779731
    },
    "8": {
        "count": 521,
        "conf": 220.95348325371742,
        "acc": 73,
        "bin_acc": 0.1401151631477927,
        "bin_conf": 0.42409497745435204
    },
    "9": {
        "count": 504,
        "conf": 239.59011590480804,
        "acc": 68,
        "bin_acc": 0.1349206349206349,
        "bin_conf": 0.47537721409684136
    },
    "10": {
        "count": 478,
        "conf": 251.10058611631393,
        "acc": 59,
        "bin_acc": 0.12343096234309624,
        "bin_conf": 0.525315033716138
    },
    "11": {
        "count": 390,
        "conf": 224.23876678943634,
        "acc": 73,
        "bin_acc": 0.18717948717948718,
        "bin_conf": 0.5749711968959906
    },
    "12": {
        "count": 399,
        "conf": 249.39689499139786,
        "acc": 66,
        "bin_acc": 0.16541353383458646,
        "bin_conf": 0.6250548746651575
    },
    "13": {
        "count": 361,
        "conf": 243.70310121774673,
        "acc": 71,
        "bin_acc": 0.19667590027700832,
        "bin_conf": 0.6750778427084397
    },
    "14": {
        "count": 309,
        "conf": 223.60095822811127,
        "acc": 49,
        "bin_acc": 0.15857605177993528,
        "bin_conf": 0.7236276965311044
    },
    "15": {
        "count": 332,
        "conf": 257.67730897665024,
        "acc": 58,
        "bin_acc": 0.1746987951807229,
        "bin_conf": 0.7761364728212357
    },
    "16": {
        "count": 337,
        "conf": 278.6135528087616,
        "acc": 79,
        "bin_acc": 0.2344213649851632,
        "bin_conf": 0.8267464475037436
    },
    "17": {
        "count": 348,
        "conf": 304.0688365697861,
        "acc": 87,
        "bin_acc": 0.25,
        "bin_conf": 0.8737610246258221
    },
    "18": {
        "count": 412,
        "conf": 381.31143337488174,
        "acc": 107,
        "bin_acc": 0.25970873786407767,
        "bin_conf": 0.925513187803111
    },
    "19": {
        "count": 752,
        "conf": 738.6937292814255,
        "acc": 297,
        "bin_acc": 0.3949468085106383,
        "bin_conf": 0.9823054910657254
    }
}