{
    "0": {
        "count": 0,
        "conf": 0,
        "acc": 0,
        "bin_acc": 0,
        "bin_conf": 0
    },
    "1": {
        "count": 45,
        "conf": 3.8906533494591713,
        "acc": 0,
        "bin_acc": 0.0,
        "bin_conf": 0.08645896332131492
    },
    "2": {
        "count": 237,
        "conf": 30.787999466061592,
        "acc": 17,
        "bin_acc": 0.07172995780590717,
        "bin_conf": 0.12990717074287592
    },
    "3": {
        "count": 384,
        "conf": 67.68173368275166,
        "acc": 36,
        "bin_acc": 0.09375,
        "bin_conf": 0.17625451479883245
    },
    "4": {
        "count": 515,
        "conf": 116.06959766149521,
        "acc": 59,
        "bin_acc": 0.1145631067961165,
        "bin_conf": 0.2253778595368839
    },
    "5": {
        "count": 511,
        "conf": 140.6625639796257,
        "acc": 89,
        "bin_acc": 0.17416829745596868,
        "bin_conf": 0.2752692054395806
    },
    "6": {
        "count": 526,
        "conf": 171.00062456727028,
        "acc": 93,
        "bin_acc": 0.17680608365019013,
        "bin_conf": 0.3250962444244682
    },
    "7": {
        "count": 510,
        "conf": 191.37249466776848,
        "acc": 108,
        "bin_acc": 0.21176470588235294,
        "bin_conf": 0.37524018562307543
    },
    "8": {
        "count": 476,
        "conf": 202.56836465001106,
        "acc": 96,
        "bin_acc": 0.20168067226890757,
        "bin_conf": 0.4255637912815358
    },
    "9": {
        "count": 493,
        "conf": 234.4308706521988,
        "acc": 125,
        "bin_acc": 0.2535496957403651,
        "bin_conf": 0.47551900740811115
    },
    "10": {
        "count": 431,
        "conf": 226.36387884616852,
        "acc": 119,
        "bin_acc": 0.27610208816705334,
        "bin_conf": 0.5252062154203446
    },
    "11": {
        "count": 404,
        "conf": 231.84179359674454,
        "acc": 119,
        "bin_acc": 0.29455445544554454,
        "bin_conf": 0.5738658257345162
    },
    "12": {
        "count": 322,
        "conf": 201.24971395730972,
        "acc": 103,
        "bin_acc": 0.3198757763975155,
        "bin_conf": 0.6249991116686637
    },
    "13": {
        "count": 300,
        "conf": 202.16193515062332,
        "acc": 102,
        "bin_acc": 0.34,
        "bin_conf": 0.6738731171687444
    },
    "14": {
        "count": 327,
        "conf": 236.83714771270752,
        "acc": 128,
        "bin_acc": 0.39143730886850153,
        "bin_conf": 0.7242726229746407
    },
    "15": {
        "count": 329,
        "conf": 255.0031788945198,
        "acc": 136,
        "bin_acc": 0.4133738601823708,
        "bin_conf": 0.7750856501353186
    },
    "16": {
        "count": 319,
        "conf": 263.1063639521599,
        "acc": 139,
        "bin_acc": 0.43573667711598746,
        "bin_conf": 0.8247848399754228
    },
    "17": {
        "count": 336,
        "conf": 294.1589009165764,
        "acc": 149,
        "bin_acc": 0.44345238095238093,
        "bin_conf": 0.8754729193945726
    },
    "18": {
        "count": 388,
        "conf": 359.1951781511307,
        "acc": 207,
        "bin_acc": 0.5335051546391752,
        "bin_conf": 0.9257607684307492
    },
    "19": {
        "count": 647,
        "conf": 633.3305537700653,
        "acc": 439,
        "bin_acc": 0.678516228748068,
        "bin_conf": 0.9788725715147841
    }
}