{
    "0": {
        "count": 13,
        "conf": 0.5137896351516247,
        "acc": 1,
        "bin_acc": 0.07692307692307693,
        "bin_conf": 0.03952227962704805
    },
    "1": {
        "count": 253,
        "conf": 20.63201628252864,
        "acc": 11,
        "bin_acc": 0.043478260869565216,
        "bin_conf": 0.0815494714724452
    },
    "2": {
        "count": 515,
        "conf": 64.99412415921688,
        "acc": 20,
        "bin_acc": 0.038834951456310676,
        "bin_conf": 0.12620218283343085
    },
    "3": {
        "count": 571,
        "conf": 99.8096982985735,
        "acc": 35,
        "bin_acc": 0.06129597197898424,
        "bin_conf": 0.1747980705754352
    },
    "4": {
        "count": 519,
        "conf": 116.51872919499874,
        "acc": 38,
        "bin_acc": 0.07321772639691715,
        "bin_conf": 0.2245062219556816
    },
    "5": {
        "count": 590,
        "conf": 161.64266076683998,
        "acc": 50,
        "bin_acc": 0.0847457627118644,
        "bin_conf": 0.2739706114692203
    },
    "6": {
        "count": 502,
        "conf": 163.33844682574272,
        "acc": 54,
        "bin_acc": 0.10756972111553785,
        "bin_conf": 0.32537539208315286
    },
    "7": {
        "count": 427,
        "conf": 159.67073038220406,
        "acc": 41,
        "bin_acc": 0.09601873536299765,
        "bin_conf": 0.3739361367264732
    },
    "8": {
        "count": 418,
        "conf": 177.68999034166336,
        "acc": 51,
        "bin_acc": 0.12200956937799043,
        "bin_conf": 0.4250956706738358
    },
    "9": {
        "count": 383,
        "conf": 181.74166437983513,
        "acc": 44,
        "bin_acc": 0.11488250652741515,
        "bin_conf": 0.4745213169186296
    },
    "10": {
        "count": 298,
        "conf": 156.4832400083542,
        "acc": 50,
        "bin_acc": 0.16778523489932887,
        "bin_conf": 0.5251115436521953
    },
    "11": {
        "count": 304,
        "conf": 174.2458666563034,
        "acc": 49,
        "bin_acc": 0.1611842105263158,
        "bin_conf": 0.5731771929483664
    },
    "12": {
        "count": 281,
        "conf": 175.58386129140854,
        "acc": 37,
        "bin_acc": 0.13167259786476868,
        "bin_conf": 0.6248535989018097
    },
    "13": {
        "count": 261,
        "conf": 176.2001547217369,
        "acc": 37,
        "bin_acc": 0.1417624521072797,
        "bin_conf": 0.6750963782442028
    },
    "14": {
        "count": 231,
        "conf": 167.7768011689186,
        "acc": 36,
        "bin_acc": 0.15584415584415584,
        "bin_conf": 0.7263064985667472
    },
    "15": {
        "count": 249,
        "conf": 192.74568301439285,
        "acc": 30,
        "bin_acc": 0.12048192771084337,
        "bin_conf": 0.7740790482505737
    },
    "16": {
        "count": 256,
        "conf": 211.6739163994789,
        "acc": 35,
        "bin_acc": 0.13671875,
        "bin_conf": 0.8268512359354645
    },
    "17": {
        "count": 253,
        "conf": 221.80952483415604,
        "acc": 38,
        "bin_acc": 0.15019762845849802,
        "bin_conf": 0.8767174894630674
    },
    "18": {
        "count": 345,
        "conf": 319.0745632648468,
        "acc": 55,
        "bin_acc": 0.15942028985507245,
        "bin_conf": 0.9248538065647733
    },
    "19": {
        "count": 831,
        "conf": 817.9508765339851,
        "acc": 123,
        "bin_acc": 0.148014440433213,
        "bin_conf": 0.9842970836750724
    }
}