{
    "0": {
        "count": 1467,
        "conf": 53.64093079790473,
        "acc": 69,
        "bin_acc": 0.04703476482617587,
        "bin_conf": 0.036565051668646716
    },
    "1": {
        "count": 2572,
        "conf": 189.66069303825498,
        "acc": 310,
        "bin_acc": 0.12052877138413685,
        "bin_conf": 0.07374054939278965
    },
    "2": {
        "count": 1935,
        "conf": 238.29363024234772,
        "acc": 373,
        "bin_acc": 0.19276485788113695,
        "bin_conf": 0.12314916291594197
    },
    "3": {
        "count": 1375,
        "conf": 238.370351344347,
        "acc": 344,
        "bin_acc": 0.25018181818181817,
        "bin_conf": 0.17336025552316145
    },
    "4": {
        "count": 1147,
        "conf": 257.16393902897835,
        "acc": 328,
        "bin_acc": 0.28596338273757627,
        "bin_conf": 0.22420570098428802
    },
    "5": {
        "count": 921,
        "conf": 251.95454201102257,
        "acc": 334,
        "bin_acc": 0.36264929424538545,
        "bin_conf": 0.27356627797070854
    },
    "6": {
        "count": 827,
        "conf": 267.8178343772888,
        "acc": 309,
        "bin_acc": 0.373639661426844,
        "bin_conf": 0.3238426050511352
    },
    "7": {
        "count": 717,
        "conf": 268.88023015856743,
        "acc": 310,
        "bin_acc": 0.43235704323570434,
        "bin_conf": 0.37500729450288345
    },
    "8": {
        "count": 635,
        "conf": 270.1436352133751,
        "acc": 308,
        "bin_acc": 0.48503937007874015,
        "bin_conf": 0.42542304758011823
    },
    "9": {
        "count": 650,
        "conf": 308.3028817474842,
        "acc": 340,
        "bin_acc": 0.5230769230769231,
        "bin_conf": 0.4743121257653603
    },
    "10": {
        "count": 625,
        "conf": 328.2079712152481,
        "acc": 312,
        "bin_acc": 0.4992,
        "bin_conf": 0.525132753944397
    },
    "11": {
        "count": 654,
        "conf": 375.74225187301636,
        "acc": 379,
        "bin_acc": 0.5795107033639144,
        "bin_conf": 0.574529437114704
    },
    "12": {
        "count": 609,
        "conf": 380.79150050878525,
        "acc": 404,
        "bin_acc": 0.6633825944170771,
        "bin_conf": 0.6252733998502221
    },
    "13": {
        "count": 608,
        "conf": 410.4508875012398,
        "acc": 408,
        "bin_acc": 0.6710526315789473,
        "bin_conf": 0.6750836965480917
    },
    "14": {
        "count": 708,
        "conf": 513.6048213839531,
        "acc": 512,
        "bin_acc": 0.7231638418079096,
        "bin_conf": 0.7254305386778999
    },
    "15": {
        "count": 792,
        "conf": 614.836300611496,
        "acc": 620,
        "bin_acc": 0.7828282828282829,
        "bin_conf": 0.7763084603680505
    },
    "16": {
        "count": 895,
        "conf": 739.7309824824333,
        "acc": 734,
        "bin_acc": 0.8201117318435754,
        "bin_conf": 0.8265150642261825
    },
    "17": {
        "count": 1221,
        "conf": 1069.564810693264,
        "acc": 1056,
        "bin_acc": 0.8648648648648649,
        "bin_conf": 0.8759744559322391
    },
    "18": {
        "count": 2138,
        "conf": 1984.2104524970055,
        "acc": 1974,
        "bin_acc": 0.9232927970065482,
        "bin_conf": 0.9280684997647359
    },
    "19": {
        "count": 9504,
        "conf": 9320.848677396774,
        "acc": 9314,
        "bin_acc": 0.9800084175084175,
        "bin_conf": 0.9807290275038694
    }
}