{
    "0": {
        "count": 0,
        "conf": 0,
        "acc": 0,
        "bin_acc": 0,
        "bin_conf": 0
    },
    "1": {
        "count": 53,
        "conf": 4.589889761060476,
        "acc": 5,
        "bin_acc": 0.09433962264150944,
        "bin_conf": 0.08660169360491465
    },
    "2": {
        "count": 236,
        "conf": 30.058087654411793,
        "acc": 26,
        "bin_acc": 0.11016949152542373,
        "bin_conf": 0.12736477819666014
    },
    "3": {
        "count": 325,
        "conf": 57.105814680457115,
        "acc": 48,
        "bin_acc": 0.1476923076923077,
        "bin_conf": 0.17571019901679114
    },
    "4": {
        "count": 395,
        "conf": 89.11904291808605,
        "acc": 73,
        "bin_acc": 0.1848101265822785,
        "bin_conf": 0.22561783017236975
    },
    "5": {
        "count": 365,
        "conf": 100.60229521989822,
        "acc": 78,
        "bin_acc": 0.2136986301369863,
        "bin_conf": 0.27562272662985815
    },
    "6": {
        "count": 360,
        "conf": 117.03785565495491,
        "acc": 101,
        "bin_acc": 0.28055555555555556,
        "bin_conf": 0.325105154597097
    },
    "7": {
        "count": 366,
        "conf": 136.7505061328411,
        "acc": 109,
        "bin_acc": 0.2978142076502732,
        "bin_conf": 0.3736352626580358
    },
    "8": {
        "count": 348,
        "conf": 147.86119443178177,
        "acc": 118,
        "bin_acc": 0.3390804597701149,
        "bin_conf": 0.42488848974649934
    },
    "9": {
        "count": 324,
        "conf": 154.40625429153442,
        "acc": 129,
        "bin_acc": 0.39814814814814814,
        "bin_conf": 0.4765625132454766
    },
    "10": {
        "count": 319,
        "conf": 167.29648053646088,
        "acc": 139,
        "bin_acc": 0.43573667711598746,
        "bin_conf": 0.5244403778572442
    },
    "11": {
        "count": 294,
        "conf": 168.98833584785461,
        "acc": 128,
        "bin_acc": 0.43537414965986393,
        "bin_conf": 0.5747902579859
    },
    "12": {
        "count": 266,
        "conf": 166.27408945560455,
        "acc": 131,
        "bin_acc": 0.4924812030075188,
        "bin_conf": 0.625090561863175
    },
    "13": {
        "count": 262,
        "conf": 176.92111587524414,
        "acc": 138,
        "bin_acc": 0.5267175572519084,
        "bin_conf": 0.6752714346383364
    },
    "14": {
        "count": 255,
        "conf": 185.0397430062294,
        "acc": 133,
        "bin_acc": 0.5215686274509804,
        "bin_conf": 0.7256460510048212
    },
    "15": {
        "count": 290,
        "conf": 224.72408598661423,
        "acc": 176,
        "bin_acc": 0.6068965517241379,
        "bin_conf": 0.7749106413331525
    },
    "16": {
        "count": 322,
        "conf": 265.82408618927,
        "acc": 220,
        "bin_acc": 0.6832298136645962,
        "bin_conf": 0.8255406403393479
    },
    "17": {
        "count": 389,
        "conf": 340.6694684624672,
        "acc": 285,
        "bin_acc": 0.7326478149100257,
        "bin_conf": 0.8757569883353913
    },
    "18": {
        "count": 544,
        "conf": 504.5296162366867,
        "acc": 428,
        "bin_acc": 0.7867647058823529,
        "bin_conf": 0.9274441474939094
    },
    "19": {
        "count": 1787,
        "conf": 1760.0326645374298,
        "acc": 1642,
        "bin_acc": 0.9188584219362059,
        "bin_conf": 0.9849091575475265
    }
}