{
    "0": {
        "count": 112,
        "conf": 3.864927544258535,
        "acc": 13,
        "bin_acc": 0.11607142857142858,
        "bin_conf": 0.03450828164516549
    },
    "1": {
        "count": 282,
        "conf": 21.672306917607784,
        "acc": 43,
        "bin_acc": 0.1524822695035461,
        "bin_conf": 0.07685215219009853
    },
    "2": {
        "count": 391,
        "conf": 48.54076571762562,
        "acc": 93,
        "bin_acc": 0.23785166240409208,
        "bin_conf": 0.12414518086349263
    },
    "3": {
        "count": 366,
        "conf": 63.648624524474144,
        "acc": 73,
        "bin_acc": 0.1994535519125683,
        "bin_conf": 0.17390334569528454
    },
    "4": {
        "count": 351,
        "conf": 78.87318031489849,
        "acc": 86,
        "bin_acc": 0.245014245014245,
        "bin_conf": 0.22470991542706123
    },
    "5": {
        "count": 391,
        "conf": 107.05446895956993,
        "acc": 135,
        "bin_acc": 0.3452685421994885,
        "bin_conf": 0.2737965958045267
    },
    "6": {
        "count": 346,
        "conf": 112.28926709294319,
        "acc": 125,
        "bin_acc": 0.36127167630057805,
        "bin_conf": 0.3245354540258474
    },
    "7": {
        "count": 358,
        "conf": 134.03422594070435,
        "acc": 136,
        "bin_acc": 0.37988826815642457,
        "bin_conf": 0.37439727916397864
    },
    "8": {
        "count": 324,
        "conf": 137.97078695893288,
        "acc": 135,
        "bin_acc": 0.4166666666666667,
        "bin_conf": 0.4258357622189286
    },
    "9": {
        "count": 316,
        "conf": 150.0168154835701,
        "acc": 135,
        "bin_acc": 0.4272151898734177,
        "bin_conf": 0.47473675785939906
    },
    "10": {
        "count": 312,
        "conf": 163.3628762960434,
        "acc": 147,
        "bin_acc": 0.47115384615384615,
        "bin_conf": 0.5235989624873186
    },
    "11": {
        "count": 304,
        "conf": 174.82587105035782,
        "acc": 164,
        "bin_acc": 0.5394736842105263,
        "bin_conf": 0.575085102139335
    },
    "12": {
        "count": 277,
        "conf": 172.76422160863876,
        "acc": 156,
        "bin_acc": 0.5631768953068592,
        "bin_conf": 0.6236975509337139
    },
    "13": {
        "count": 299,
        "conf": 201.96767872571945,
        "acc": 173,
        "bin_acc": 0.5785953177257525,
        "bin_conf": 0.6754771863736436
    },
    "14": {
        "count": 271,
        "conf": 196.67369508743286,
        "acc": 167,
        "bin_acc": 0.6162361623616236,
        "bin_conf": 0.7257331922045493
    },
    "15": {
        "count": 331,
        "conf": 256.4875565171242,
        "acc": 212,
        "bin_acc": 0.6404833836858006,
        "bin_conf": 0.7748868776952392
    },
    "16": {
        "count": 360,
        "conf": 297.18162137269974,
        "acc": 244,
        "bin_acc": 0.6777777777777778,
        "bin_conf": 0.8255045038130548
    },
    "17": {
        "count": 392,
        "conf": 343.6374656558037,
        "acc": 279,
        "bin_acc": 0.7117346938775511,
        "bin_conf": 0.8766261878974584
    },
    "18": {
        "count": 591,
        "conf": 547.303885102272,
        "acc": 459,
        "bin_acc": 0.7766497461928934,
        "bin_conf": 0.9260641033879391
    },
    "19": {
        "count": 1126,
        "conf": 1097.8724505901337,
        "acc": 969,
        "bin_acc": 0.8605683836589698,
        "bin_conf": 0.9750199383571347
    }
}