{
    "0": {
        "count": 5,
        "conf": 0.24288509041070938,
        "acc": 1,
        "bin_acc": 0.2,
        "bin_conf": 0.048577018082141876
    },
    "1": {
        "count": 499,
        "conf": 42.21996370330453,
        "acc": 30,
        "bin_acc": 0.06012024048096192,
        "bin_conf": 0.08460914569800507
    },
    "2": {
        "count": 1501,
        "conf": 189.7022076845169,
        "acc": 125,
        "bin_acc": 0.0832778147901399,
        "bin_conf": 0.12638388253465482
    },
    "3": {
        "count": 1739,
        "conf": 304.2189381271601,
        "acc": 187,
        "bin_acc": 0.10753306497987349,
        "bin_conf": 0.17493900984885571
    },
    "4": {
        "count": 1512,
        "conf": 339.7145824879408,
        "acc": 259,
        "bin_acc": 0.1712962962962963,
        "bin_conf": 0.2246789566719185
    },
    "5": {
        "count": 1300,
        "conf": 355.7486797571182,
        "acc": 281,
        "bin_acc": 0.21615384615384614,
        "bin_conf": 0.27365283058239864
    },
    "6": {
        "count": 1097,
        "conf": 355.8780450820923,
        "acc": 283,
        "bin_acc": 0.25797629899726526,
        "bin_conf": 0.3244102507585162
    },
    "7": {
        "count": 957,
        "conf": 357.94388195872307,
        "acc": 312,
        "bin_acc": 0.32601880877742945,
        "bin_conf": 0.37402704488894783
    },
    "8": {
        "count": 888,
        "conf": 376.7057128548622,
        "acc": 337,
        "bin_acc": 0.3795045045045045,
        "bin_conf": 0.4242181451068268
    },
    "9": {
        "count": 782,
        "conf": 371.04164776206017,
        "acc": 341,
        "bin_acc": 0.4360613810741688,
        "bin_conf": 0.4744778104374171
    },
    "10": {
        "count": 764,
        "conf": 400.5848317146301,
        "acc": 376,
        "bin_acc": 0.49214659685863876,
        "bin_conf": 0.5243256959615578
    },
    "11": {
        "count": 729,
        "conf": 419.4744159579277,
        "acc": 404,
        "bin_acc": 0.5541838134430727,
        "bin_conf": 0.5754107214786388
    },
    "12": {
        "count": 725,
        "conf": 453.3324028849602,
        "acc": 419,
        "bin_acc": 0.5779310344827586,
        "bin_conf": 0.6252860729447727
    },
    "13": {
        "count": 719,
        "conf": 485.41878712177277,
        "acc": 470,
        "bin_acc": 0.6536856745479833,
        "bin_conf": 0.6751304410594893
    },
    "14": {
        "count": 715,
        "conf": 518.7477527856827,
        "acc": 508,
        "bin_acc": 0.7104895104895105,
        "bin_conf": 0.7255213325673884
    },
    "15": {
        "count": 799,
        "conf": 619.6627724766731,
        "acc": 619,
        "bin_acc": 0.7747183979974969,
        "bin_conf": 0.7755479004714307
    },
    "16": {
        "count": 928,
        "conf": 766.3512519598007,
        "acc": 777,
        "bin_acc": 0.8372844827586207,
        "bin_conf": 0.8258095387497852
    },
    "17": {
        "count": 1179,
        "conf": 1033.1920063495636,
        "acc": 1006,
        "bin_acc": 0.8532654792196777,
        "bin_conf": 0.87632909783678
    },
    "18": {
        "count": 1875,
        "conf": 1739.524627506733,
        "acc": 1709,
        "bin_acc": 0.9114666666666666,
        "bin_conf": 0.927746468003591
    },
    "19": {
        "count": 11287,
        "conf": 11165.98220360279,
        "acc": 11057,
        "bin_acc": 0.9796225746433951,
        "bin_conf": 0.9892781255960654
    }
}