{
    "0": {
        "count": 7,
        "conf": 0.2978168185800314,
        "acc": 0,
        "bin_acc": 0.0,
        "bin_conf": 0.04254525979714734
    },
    "1": {
        "count": 65,
        "conf": 5.230406537652016,
        "acc": 7,
        "bin_acc": 0.1076923076923077,
        "bin_conf": 0.08046779288695409
    },
    "2": {
        "count": 236,
        "conf": 29.808574967086315,
        "acc": 24,
        "bin_acc": 0.1016949152542373,
        "bin_conf": 0.1263075210469759
    },
    "3": {
        "count": 326,
        "conf": 57.839071586728096,
        "acc": 53,
        "bin_acc": 0.16257668711656442,
        "bin_conf": 0.17742046498996347
    },
    "4": {
        "count": 391,
        "conf": 88.39991517364979,
        "acc": 88,
        "bin_acc": 0.22506393861892582,
        "bin_conf": 0.2260867395745519
    },
    "5": {
        "count": 404,
        "conf": 111.49602004885674,
        "acc": 119,
        "bin_acc": 0.29455445544554454,
        "bin_conf": 0.27598024764568496
    },
    "6": {
        "count": 407,
        "conf": 131.8401529788971,
        "acc": 119,
        "bin_acc": 0.29238329238329236,
        "bin_conf": 0.32393157980072995
    },
    "7": {
        "count": 407,
        "conf": 152.70861729979515,
        "acc": 148,
        "bin_acc": 0.36363636363636365,
        "bin_conf": 0.3752054479110446
    },
    "8": {
        "count": 412,
        "conf": 174.99327743053436,
        "acc": 155,
        "bin_acc": 0.3762135922330097,
        "bin_conf": 0.42474096463721933
    },
    "9": {
        "count": 438,
        "conf": 208.1120330095291,
        "acc": 170,
        "bin_acc": 0.3881278538812785,
        "bin_conf": 0.47514162787563724
    },
    "10": {
        "count": 407,
        "conf": 213.36791914701462,
        "acc": 173,
        "bin_acc": 0.4250614250614251,
        "bin_conf": 0.5242455015897165
    },
    "11": {
        "count": 373,
        "conf": 214.61635380983353,
        "acc": 183,
        "bin_acc": 0.4906166219839142,
        "bin_conf": 0.5753789646376234
    },
    "12": {
        "count": 379,
        "conf": 236.36938554048538,
        "acc": 193,
        "bin_acc": 0.5092348284960422,
        "bin_conf": 0.6236659249089324
    },
    "13": {
        "count": 365,
        "conf": 246.3314943909645,
        "acc": 198,
        "bin_acc": 0.5424657534246575,
        "bin_conf": 0.6748808065505877
    },
    "14": {
        "count": 351,
        "conf": 254.81671732664108,
        "acc": 205,
        "bin_acc": 0.584045584045584,
        "bin_conf": 0.7259735536371541
    },
    "15": {
        "count": 355,
        "conf": 275.5152557492256,
        "acc": 233,
        "bin_acc": 0.6563380281690141,
        "bin_conf": 0.7760993119696497
    },
    "16": {
        "count": 375,
        "conf": 309.1467970609665,
        "acc": 265,
        "bin_acc": 0.7066666666666667,
        "bin_conf": 0.824391458829244
    },
    "17": {
        "count": 402,
        "conf": 351.997610270977,
        "acc": 297,
        "bin_acc": 0.7388059701492538,
        "bin_conf": 0.875615945947704
    },
    "18": {
        "count": 502,
        "conf": 464.8001555800438,
        "acc": 392,
        "bin_acc": 0.7808764940239044,
        "bin_conf": 0.9258967242630355
    },
    "19": {
        "count": 898,
        "conf": 878.2688998579979,
        "acc": 812,
        "bin_acc": 0.9042316258351893,
        "bin_conf": 0.9780277281269464
    }
}