{
    "0": {
        "count": 12,
        "conf": 0.5194547213613987,
        "acc": 0,
        "bin_acc": 0.0,
        "bin_conf": 0.04328789344678322
    },
    "1": {
        "count": 242,
        "conf": 19.81344921886921,
        "acc": 33,
        "bin_acc": 0.13636363636363635,
        "bin_conf": 0.08187375710276533
    },
    "2": {
        "count": 601,
        "conf": 76.5134346485138,
        "acc": 92,
        "bin_acc": 0.15307820299500832,
        "bin_conf": 0.12731020740185323
    },
    "3": {
        "count": 786,
        "conf": 137.52304953336716,
        "acc": 158,
        "bin_acc": 0.2010178117048346,
        "bin_conf": 0.17496571187451293
    },
    "4": {
        "count": 843,
        "conf": 189.74921295046806,
        "acc": 242,
        "bin_acc": 0.2870699881376038,
        "bin_conf": 0.22508803434219224
    },
    "5": {
        "count": 904,
        "conf": 249.75431770086288,
        "acc": 316,
        "bin_acc": 0.3495575221238938,
        "bin_conf": 0.27627690011157396
    },
    "6": {
        "count": 981,
        "conf": 319.3471668064594,
        "acc": 392,
        "bin_acc": 0.399592252803262,
        "bin_conf": 0.32553228012890867
    },
    "7": {
        "count": 917,
        "conf": 344.00797817111015,
        "acc": 389,
        "bin_acc": 0.42420937840785167,
        "bin_conf": 0.3751450143632608
    },
    "8": {
        "count": 1016,
        "conf": 431.322054117918,
        "acc": 476,
        "bin_acc": 0.468503937007874,
        "bin_conf": 0.4245295808247225
    },
    "9": {
        "count": 1087,
        "conf": 516.9015427529812,
        "acc": 589,
        "bin_acc": 0.5418583256669733,
        "bin_conf": 0.475530398116818
    },
    "10": {
        "count": 1161,
        "conf": 609.2982125282288,
        "acc": 675,
        "bin_acc": 0.5813953488372093,
        "bin_conf": 0.5248046619536854
    },
    "11": {
        "count": 1053,
        "conf": 605.0425986647606,
        "acc": 687,
        "bin_acc": 0.6524216524216524,
        "bin_conf": 0.5745893624546634
    },
    "12": {
        "count": 1030,
        "conf": 643.9890289306641,
        "acc": 726,
        "bin_acc": 0.7048543689320388,
        "bin_conf": 0.6252320669229748
    },
    "13": {
        "count": 1060,
        "conf": 716.0361426472664,
        "acc": 780,
        "bin_acc": 0.7358490566037735,
        "bin_conf": 0.6755057949502513
    },
    "14": {
        "count": 1081,
        "conf": 783.739204287529,
        "acc": 856,
        "bin_acc": 0.7918593894542091,
        "bin_conf": 0.7250131399514607
    },
    "15": {
        "count": 1224,
        "conf": 949.1477175354958,
        "acc": 1028,
        "bin_acc": 0.8398692810457516,
        "bin_conf": 0.7754474816466469
    },
    "16": {
        "count": 1377,
        "conf": 1137.336762726307,
        "acc": 1213,
        "bin_acc": 0.8809005083514887,
        "bin_conf": 0.825952623621138
    },
    "17": {
        "count": 1776,
        "conf": 1557.89189773798,
        "acc": 1645,
        "bin_acc": 0.9262387387387387,
        "bin_conf": 0.8771913838614752
    },
    "18": {
        "count": 2793,
        "conf": 2590.2749170660973,
        "acc": 2655,
        "bin_acc": 0.9505907626208379,
        "bin_conf": 0.9274167264826699
    },
    "19": {
        "count": 10056,
        "conf": 9897.094613432884,
        "acc": 9973,
        "bin_acc": 0.9917462211614956,
        "bin_conf": 0.9841979528075661
    }
}