{
    "0": {
        "count": 846,
        "conf": 32.52732869051397,
        "acc": 49,
        "bin_acc": 0.057919621749408984,
        "bin_conf": 0.03844837906680138
    },
    "1": {
        "count": 3907,
        "conf": 301.1837507672608,
        "acc": 409,
        "bin_acc": 0.10468390069106731,
        "bin_conf": 0.0770882392544819
    },
    "2": {
        "count": 4610,
        "conf": 577.5272409394383,
        "acc": 743,
        "bin_acc": 0.1611713665943601,
        "bin_conf": 0.12527705877211243
    },
    "3": {
        "count": 4632,
        "conf": 809.9745570421219,
        "acc": 967,
        "bin_acc": 0.2087651122625216,
        "bin_conf": 0.17486497345468952
    },
    "4": {
        "count": 4140,
        "conf": 929.4136409908533,
        "acc": 1118,
        "bin_acc": 0.27004830917874395,
        "bin_conf": 0.2244960485485153
    },
    "5": {
        "count": 3792,
        "conf": 1040.392702460289,
        "acc": 1219,
        "bin_acc": 0.32146624472573837,
        "bin_conf": 0.2743651641509201
    },
    "6": {
        "count": 3343,
        "conf": 1085.376037478447,
        "acc": 1213,
        "bin_acc": 0.36284774154950644,
        "bin_conf": 0.32467126457626294
    },
    "7": {
        "count": 3021,
        "conf": 1132.4764268994331,
        "acc": 1239,
        "bin_acc": 0.41012909632572,
        "bin_conf": 0.3748680658389385
    },
    "8": {
        "count": 2657,
        "conf": 1129.2522585690022,
        "acc": 1189,
        "bin_acc": 0.447497177267595,
        "bin_conf": 0.4250102591528047
    },
    "9": {
        "count": 2355,
        "conf": 1117.5927127301693,
        "acc": 1123,
        "bin_acc": 0.47685774946921444,
        "bin_conf": 0.4745616614565475
    },
    "10": {
        "count": 2140,
        "conf": 1122.8497062921524,
        "acc": 1167,
        "bin_acc": 0.5453271028037383,
        "bin_conf": 0.5246961244355852
    },
    "11": {
        "count": 1908,
        "conf": 1095.922964811325,
        "acc": 1112,
        "bin_acc": 0.5828092243186582,
        "bin_conf": 0.5743831052470257
    },
    "12": {
        "count": 1690,
        "conf": 1055.1134308576584,
        "acc": 1054,
        "bin_acc": 0.6236686390532544,
        "bin_conf": 0.6243274738802712
    },
    "13": {
        "count": 1650,
        "conf": 1113.5877133011818,
        "acc": 1118,
        "bin_acc": 0.6775757575757576,
        "bin_conf": 0.6749016444249587
    },
    "14": {
        "count": 1458,
        "conf": 1056.5310788750648,
        "acc": 1046,
        "bin_acc": 0.7174211248285323,
        "bin_conf": 0.7246440870199348
    },
    "15": {
        "count": 1413,
        "conf": 1094.7946944236755,
        "acc": 1083,
        "bin_acc": 0.7664543524416136,
        "bin_conf": 0.7748016237959487
    },
    "16": {
        "count": 1347,
        "conf": 1111.1393260359764,
        "acc": 1064,
        "bin_acc": 0.7899034892353378,
        "bin_conf": 0.8248992769383641
    },
    "17": {
        "count": 1367,
        "conf": 1196.9587928056717,
        "acc": 1132,
        "bin_acc": 0.8280907095830286,
        "bin_conf": 0.8756099435301182
    },
    "18": {
        "count": 1474,
        "conf": 1363.9304929971695,
        "acc": 1291,
        "bin_acc": 0.8758480325644504,
        "bin_conf": 0.9253259789668721
    },
    "19": {
        "count": 2250,
        "conf": 2203.0090983510017,
        "acc": 2109,
        "bin_acc": 0.9373333333333334,
        "bin_conf": 0.9791151548226674
    }
}