{
    "0": {
        "count": 2,
        "conf": 0.09322858229279518,
        "acc": 0,
        "bin_acc": 0.0,
        "bin_conf": 0.04661429114639759
    },
    "1": {
        "count": 92,
        "conf": 7.615803327411413,
        "acc": 8,
        "bin_acc": 0.08695652173913043,
        "bin_conf": 0.08278047095012406
    },
    "2": {
        "count": 302,
        "conf": 38.99959257990122,
        "acc": 55,
        "bin_acc": 0.18211920529801323,
        "bin_conf": 0.12913772377450736
    },
    "3": {
        "count": 470,
        "conf": 83.07887528836727,
        "acc": 97,
        "bin_acc": 0.20638297872340425,
        "bin_conf": 0.17676356444333463
    },
    "4": {
        "count": 670,
        "conf": 152.20634251832962,
        "acc": 182,
        "bin_acc": 0.2716417910447761,
        "bin_conf": 0.2271736455497457
    },
    "5": {
        "count": 853,
        "conf": 235.14238661527634,
        "acc": 285,
        "bin_acc": 0.33411488862837047,
        "bin_conf": 0.2756651660202536
    },
    "6": {
        "count": 1020,
        "conf": 331.64388647675514,
        "acc": 363,
        "bin_acc": 0.3558823529411765,
        "bin_conf": 0.32514106517328933
    },
    "7": {
        "count": 1171,
        "conf": 439.5851860046387,
        "acc": 509,
        "bin_acc": 0.43467122117847995,
        "bin_conf": 0.3753929854864549
    },
    "8": {
        "count": 1341,
        "conf": 570.797905921936,
        "acc": 584,
        "bin_acc": 0.4354958985831469,
        "bin_conf": 0.4256509365562536
    },
    "9": {
        "count": 1533,
        "conf": 729.9557614326477,
        "acc": 791,
        "bin_acc": 0.5159817351598174,
        "bin_conf": 0.4761616186775262
    },
    "10": {
        "count": 1706,
        "conf": 895.5198945403099,
        "acc": 894,
        "bin_acc": 0.5240328253223916,
        "bin_conf": 0.5249237365417995
    },
    "11": {
        "count": 1672,
        "conf": 961.5152990221977,
        "acc": 996,
        "bin_acc": 0.5956937799043063,
        "bin_conf": 0.5750689587453336
    },
    "12": {
        "count": 1614,
        "conf": 1008.3159176111221,
        "acc": 1029,
        "bin_acc": 0.637546468401487,
        "bin_conf": 0.6247310518036693
    },
    "13": {
        "count": 1691,
        "conf": 1141.9999280571938,
        "acc": 1155,
        "bin_acc": 0.6830277942046127,
        "bin_conf": 0.6753399929374297
    },
    "14": {
        "count": 1822,
        "conf": 1322.1756290197372,
        "acc": 1341,
        "bin_acc": 0.7360043907793633,
        "bin_conf": 0.7256726833258712
    },
    "15": {
        "count": 2034,
        "conf": 1577.618319094181,
        "acc": 1565,
        "bin_acc": 0.7694198623402163,
        "bin_conf": 0.7756235590433536
    },
    "16": {
        "count": 2429,
        "conf": 2005.6847167015076,
        "acc": 2023,
        "bin_acc": 0.8328530259365994,
        "bin_conf": 0.825724461383906
    },
    "17": {
        "count": 3201,
        "conf": 2805.8627975583076,
        "acc": 2805,
        "bin_acc": 0.8762886597938144,
        "bin_conf": 0.8765581997995338
    },
    "18": {
        "count": 4787,
        "conf": 4440.1565408706665,
        "acc": 4421,
        "bin_acc": 0.9235429287654063,
        "bin_conf": 0.9275447129456166
    },
    "19": {
        "count": 21590,
        "conf": 21319.628862440586,
        "acc": 21125,
        "bin_acc": 0.9784622510421491,
        "bin_conf": 0.9874770200296705
    }
}