{
    "0": {
        "count": 2,
        "conf": 0.09265637770295143,
        "acc": 0,
        "bin_acc": 0.0,
        "bin_conf": 0.046328188851475716
    },
    "1": {
        "count": 788,
        "conf": 68.07617341727018,
        "acc": 24,
        "bin_acc": 0.030456852791878174,
        "bin_conf": 0.08639108301684033
    },
    "2": {
        "count": 2696,
        "conf": 341.80123272538185,
        "acc": 125,
        "bin_acc": 0.046364985163204746,
        "bin_conf": 0.1267808726726194
    },
    "3": {
        "count": 3069,
        "conf": 535.6550900638103,
        "acc": 214,
        "bin_acc": 0.06972955360052134,
        "bin_conf": 0.17453733791587173
    },
    "4": {
        "count": 2672,
        "conf": 599.5627389550209,
        "acc": 233,
        "bin_acc": 0.08720059880239521,
        "bin_conf": 0.224387252602927
    },
    "5": {
        "count": 2259,
        "conf": 618.5565294027328,
        "acc": 253,
        "bin_acc": 0.11199645861000443,
        "bin_conf": 0.27381873811541957
    },
    "6": {
        "count": 1814,
        "conf": 588.9530559778214,
        "acc": 276,
        "bin_acc": 0.15214994487320838,
        "bin_conf": 0.32467092391280117
    },
    "7": {
        "count": 1522,
        "conf": 569.7758929431438,
        "acc": 267,
        "bin_acc": 0.1754270696452037,
        "bin_conf": 0.37435998222282774
    },
    "8": {
        "count": 1305,
        "conf": 553.4413325786591,
        "acc": 264,
        "bin_acc": 0.20229885057471264,
        "bin_conf": 0.4240929751560606
    },
    "9": {
        "count": 1120,
        "conf": 530.786756336689,
        "acc": 296,
        "bin_acc": 0.2642857142857143,
        "bin_conf": 0.4739167467291866
    },
    "10": {
        "count": 1080,
        "conf": 566.0511310696602,
        "acc": 315,
        "bin_acc": 0.2916666666666667,
        "bin_conf": 0.5241214176570927
    },
    "11": {
        "count": 852,
        "conf": 489.56072878837585,
        "acc": 290,
        "bin_acc": 0.3403755868544601,
        "bin_conf": 0.5746017943525539
    },
    "12": {
        "count": 837,
        "conf": 522.8879433274269,
        "acc": 343,
        "bin_acc": 0.40979689366786143,
        "bin_conf": 0.6247167781689689
    },
    "13": {
        "count": 699,
        "conf": 471.8015801310539,
        "acc": 302,
        "bin_acc": 0.43204577968526464,
        "bin_conf": 0.6749664951803347
    },
    "14": {
        "count": 745,
        "conf": 539.6720564961433,
        "acc": 357,
        "bin_acc": 0.4791946308724832,
        "bin_conf": 0.7243920221424743
    },
    "15": {
        "count": 724,
        "conf": 561.0217681527138,
        "acc": 395,
        "bin_acc": 0.5455801104972375,
        "bin_conf": 0.7748919449623118
    },
    "16": {
        "count": 734,
        "conf": 605.649277150631,
        "acc": 457,
        "bin_acc": 0.6226158038147139,
        "bin_conf": 0.8251352549736116
    },
    "17": {
        "count": 869,
        "conf": 760.8141121268272,
        "acc": 633,
        "bin_acc": 0.7284234752589183,
        "bin_conf": 0.8755053073956585
    },
    "18": {
        "count": 1236,
        "conf": 1146.489363014698,
        "acc": 995,
        "bin_acc": 0.8050161812297735,
        "bin_conf": 0.9275803907885907
    },
    "19": {
        "count": 4977,
        "conf": 4916.9376284480095,
        "acc": 4757,
        "bin_acc": 0.9557966646574242,
        "bin_conf": 0.9879320129491681
    }
}