{
    "0": {
        "count": 5,
        "conf": 0.22696005553007126,
        "acc": 1,
        "bin_acc": 0.2,
        "bin_conf": 0.04539201110601425
    },
    "1": {
        "count": 76,
        "conf": 6.2082861214876175,
        "acc": 10,
        "bin_acc": 0.13157894736842105,
        "bin_conf": 0.0816879752827318
    },
    "2": {
        "count": 191,
        "conf": 24.095275186002254,
        "acc": 32,
        "bin_acc": 0.16753926701570682,
        "bin_conf": 0.1261532732251427
    },
    "3": {
        "count": 291,
        "conf": 51.224481865763664,
        "acc": 67,
        "bin_acc": 0.23024054982817868,
        "bin_conf": 0.17602914730502978
    },
    "4": {
        "count": 391,
        "conf": 88.55569271743298,
        "acc": 112,
        "bin_acc": 0.2864450127877238,
        "bin_conf": 0.2264851476149181
    },
    "5": {
        "count": 476,
        "conf": 130.91779059171677,
        "acc": 132,
        "bin_acc": 0.2773109243697479,
        "bin_conf": 0.2750373751926823
    },
    "6": {
        "count": 573,
        "conf": 187.1374395787716,
        "acc": 213,
        "bin_acc": 0.3717277486910995,
        "bin_conf": 0.3265923901898283
    },
    "7": {
        "count": 700,
        "conf": 262.5098414719105,
        "acc": 272,
        "bin_acc": 0.38857142857142857,
        "bin_conf": 0.3750140592455864
    },
    "8": {
        "count": 888,
        "conf": 378.882265150547,
        "acc": 396,
        "bin_acc": 0.44594594594594594,
        "bin_conf": 0.4266692175118773
    },
    "9": {
        "count": 1030,
        "conf": 490.55389246344566,
        "acc": 524,
        "bin_acc": 0.5087378640776699,
        "bin_conf": 0.47626591501305404
    },
    "10": {
        "count": 1308,
        "conf": 686.2893980741501,
        "acc": 679,
        "bin_acc": 0.5191131498470948,
        "bin_conf": 0.524686084154549
    },
    "11": {
        "count": 1324,
        "conf": 760.7566761374474,
        "acc": 748,
        "bin_acc": 0.5649546827794562,
        "bin_conf": 0.5745896345448999
    },
    "12": {
        "count": 1312,
        "conf": 821.0159565210342,
        "acc": 793,
        "bin_acc": 0.604420731707317,
        "bin_conf": 0.6257743571044468
    },
    "13": {
        "count": 1350,
        "conf": 912.305173933506,
        "acc": 875,
        "bin_acc": 0.6481481481481481,
        "bin_conf": 0.6757816103211156
    },
    "14": {
        "count": 1493,
        "conf": 1082.4480612277985,
        "acc": 1054,
        "bin_acc": 0.7059611520428667,
        "bin_conf": 0.7250154462342924
    },
    "15": {
        "count": 1752,
        "conf": 1358.4047465920448,
        "acc": 1320,
        "bin_acc": 0.7534246575342466,
        "bin_conf": 0.7753451749954594
    },
    "16": {
        "count": 1927,
        "conf": 1591.9040984511375,
        "acc": 1549,
        "bin_acc": 0.8038401660612351,
        "bin_conf": 0.8261048772450117
    },
    "17": {
        "count": 2692,
        "conf": 2359.1839024424553,
        "acc": 2270,
        "bin_acc": 0.8432392273402675,
        "bin_conf": 0.8763684630172568
    },
    "18": {
        "count": 4403,
        "conf": 4085.089605152607,
        "acc": 4000,
        "bin_acc": 0.9084714967067908,
        "bin_conf": 0.9277968669435855
    },
    "19": {
        "count": 27818,
        "conf": 27528.059980154037,
        "acc": 27198,
        "bin_acc": 0.9777122726292329,
        "bin_conf": 0.9895772514254813
    }
}