{
    "0": {
        "count": 44,
        "conf": 1.8775988407433033,
        "acc": 0,
        "bin_acc": 0.0,
        "bin_conf": 0.042672700925984165
    },
    "1": {
        "count": 394,
        "conf": 31.123099334537983,
        "acc": 0,
        "bin_acc": 0.0,
        "bin_conf": 0.07899263790491874
    },
    "2": {
        "count": 701,
        "conf": 88.62082869559526,
        "acc": 0,
        "bin_acc": 0.0,
        "bin_conf": 0.12642058301796757
    },
    "3": {
        "count": 820,
        "conf": 143.92992144823074,
        "acc": 0,
        "bin_acc": 0.0,
        "bin_conf": 0.17552429444906187
    },
    "4": {
        "count": 865,
        "conf": 194.44023764133453,
        "acc": 0,
        "bin_acc": 0.0,
        "bin_conf": 0.22478640189749657
    },
    "5": {
        "count": 738,
        "conf": 202.40155857801437,
        "acc": 0,
        "bin_acc": 0.0,
        "bin_conf": 0.2742568544417539
    },
    "6": {
        "count": 786,
        "conf": 254.8804882466793,
        "acc": 0,
        "bin_acc": 0.0,
        "bin_conf": 0.32427543033928663
    },
    "7": {
        "count": 619,
        "conf": 231.5914387702942,
        "acc": 0,
        "bin_acc": 0.0,
        "bin_conf": 0.3741380270925593
    },
    "8": {
        "count": 592,
        "conf": 251.77424597740173,
        "acc": 0,
        "bin_acc": 0.0,
        "bin_conf": 0.4252943344212867
    },
    "9": {
        "count": 508,
        "conf": 240.5819388628006,
        "acc": 0,
        "bin_acc": 0.0,
        "bin_conf": 0.47358649382441065
    },
    "10": {
        "count": 465,
        "conf": 243.65453046560287,
        "acc": 0,
        "bin_acc": 0.0,
        "bin_conf": 0.5239882375604363
    },
    "11": {
        "count": 400,
        "conf": 229.44435340166092,
        "acc": 0,
        "bin_acc": 0.0,
        "bin_conf": 0.5736108835041523
    },
    "12": {
        "count": 400,
        "conf": 249.52851629257202,
        "acc": 0,
        "bin_acc": 0.0,
        "bin_conf": 0.62382129073143
    },
    "13": {
        "count": 327,
        "conf": 220.66412484645844,
        "acc": 0,
        "bin_acc": 0.0,
        "bin_conf": 0.6748138374509433
    },
    "14": {
        "count": 337,
        "conf": 244.4123239517212,
        "acc": 0,
        "bin_acc": 0.0,
        "bin_conf": 0.7252591215184605
    },
    "15": {
        "count": 327,
        "conf": 253.7956404685974,
        "acc": 0,
        "bin_acc": 0.0,
        "bin_conf": 0.776133457090512
    },
    "16": {
        "count": 331,
        "conf": 272.59975904226303,
        "acc": 0,
        "bin_acc": 0.0,
        "bin_conf": 0.8235642267137856
    },
    "17": {
        "count": 310,
        "conf": 271.86967092752457,
        "acc": 0,
        "bin_acc": 0.0,
        "bin_conf": 0.8769989384758857
    },
    "18": {
        "count": 374,
        "conf": 346.02486407756805,
        "acc": 0,
        "bin_acc": 0.0,
        "bin_conf": 0.9252001713303959
    },
    "19": {
        "count": 662,
        "conf": 649.2730057239532,
        "acc": 0,
        "bin_acc": 0.0,
        "bin_conf": 0.9807749331177541
    }
}