{
    "0": {
        "count": 0,
        "conf": 0,
        "acc": 0,
        "bin_acc": 0,
        "bin_conf": 0
    },
    "1": {
        "count": 18,
        "conf": 1.6077869236469269,
        "acc": 1,
        "bin_acc": 0.05555555555555555,
        "bin_conf": 0.0893214957581626
    },
    "2": {
        "count": 164,
        "conf": 21.537430629134178,
        "acc": 13,
        "bin_acc": 0.07926829268292683,
        "bin_conf": 0.13132579651911083
    },
    "3": {
        "count": 412,
        "conf": 73.08619065582752,
        "acc": 35,
        "bin_acc": 0.08495145631067962,
        "bin_conf": 0.17739366664035808
    },
    "4": {
        "count": 647,
        "conf": 146.8228389620781,
        "acc": 86,
        "bin_acc": 0.13292117465224113,
        "bin_conf": 0.22692865372809598
    },
    "5": {
        "count": 879,
        "conf": 242.1617402434349,
        "acc": 138,
        "bin_acc": 0.15699658703071673,
        "bin_conf": 0.27549686034520465
    },
    "6": {
        "count": 1042,
        "conf": 339.41029861569405,
        "acc": 183,
        "bin_acc": 0.17562380038387715,
        "bin_conf": 0.32572965318204805
    },
    "7": {
        "count": 1168,
        "conf": 438.1366710960865,
        "acc": 245,
        "bin_acc": 0.20976027397260275,
        "bin_conf": 0.3751170129247316
    },
    "8": {
        "count": 1200,
        "conf": 510.3730781674385,
        "acc": 268,
        "bin_acc": 0.22333333333333333,
        "bin_conf": 0.4253108984728654
    },
    "9": {
        "count": 1264,
        "conf": 600.9240935146809,
        "acc": 368,
        "bin_acc": 0.2911392405063291,
        "bin_conf": 0.4754146309451589
    },
    "10": {
        "count": 1346,
        "conf": 706.0350284576416,
        "acc": 461,
        "bin_acc": 0.3424962852897474,
        "bin_conf": 0.5245431117813087
    },
    "11": {
        "count": 1275,
        "conf": 732.4976553916931,
        "acc": 444,
        "bin_acc": 0.34823529411764703,
        "bin_conf": 0.5745079650130926
    },
    "12": {
        "count": 1131,
        "conf": 706.9170722961426,
        "acc": 472,
        "bin_acc": 0.41732979664014147,
        "bin_conf": 0.6250371992008334
    },
    "13": {
        "count": 1200,
        "conf": 809.7716951966286,
        "acc": 532,
        "bin_acc": 0.44333333333333336,
        "bin_conf": 0.6748097459971905
    },
    "14": {
        "count": 1189,
        "conf": 861.6176292300224,
        "acc": 537,
        "bin_acc": 0.45164003364171573,
        "bin_conf": 0.724657383709018
    },
    "15": {
        "count": 1236,
        "conf": 958.269869863987,
        "acc": 643,
        "bin_acc": 0.5202265372168284,
        "bin_conf": 0.7752992474627727
    },
    "16": {
        "count": 1314,
        "conf": 1084.0527158379555,
        "acc": 743,
        "bin_acc": 0.5654490106544902,
        "bin_conf": 0.8250020668477591
    },
    "17": {
        "count": 1562,
        "conf": 1368.7466436624527,
        "acc": 997,
        "bin_acc": 0.6382842509603073,
        "bin_conf": 0.8762782609874857
    },
    "18": {
        "count": 2225,
        "conf": 2061.9919614195824,
        "acc": 1622,
        "bin_acc": 0.7289887640449438,
        "bin_conf": 0.9267379601885763
    },
    "19": {
        "count": 10728,
        "conf": 10619.13818180561,
        "acc": 9888,
        "bin_acc": 0.9217002237136466,
        "bin_conf": 0.989852552368159
    }
}