{
    "0": {
        "count": 9,
        "conf": 0.38063155114650726,
        "acc": 0,
        "bin_acc": 0.0,
        "bin_conf": 0.04229239457183414
    },
    "1": {
        "count": 302,
        "conf": 24.474742386490107,
        "acc": 24,
        "bin_acc": 0.07947019867549669,
        "bin_conf": 0.0810421933327487
    },
    "2": {
        "count": 752,
        "conf": 96.55221745371819,
        "acc": 129,
        "bin_acc": 0.17154255319148937,
        "bin_conf": 0.12839390618845503
    },
    "3": {
        "count": 886,
        "conf": 156.14341831207275,
        "acc": 178,
        "bin_acc": 0.20090293453724606,
        "bin_conf": 0.17623410644703472
    },
    "4": {
        "count": 1101,
        "conf": 247.84257516264915,
        "acc": 301,
        "bin_acc": 0.27338782924613986,
        "bin_conf": 0.22510678943019904
    },
    "5": {
        "count": 1158,
        "conf": 319.23666912317276,
        "acc": 371,
        "bin_acc": 0.32037996545768566,
        "bin_conf": 0.275679334303258
    },
    "6": {
        "count": 1265,
        "conf": 412.34702983498573,
        "acc": 442,
        "bin_acc": 0.3494071146245059,
        "bin_conf": 0.3259660314901073
    },
    "7": {
        "count": 1400,
        "conf": 525.6686640679836,
        "acc": 549,
        "bin_acc": 0.3921428571428571,
        "bin_conf": 0.37547761719141687
    },
    "8": {
        "count": 1460,
        "conf": 621.1896590590477,
        "acc": 670,
        "bin_acc": 0.4589041095890411,
        "bin_conf": 0.4254723692185258
    },
    "9": {
        "count": 1686,
        "conf": 801.6652462780476,
        "acc": 855,
        "bin_acc": 0.5071174377224199,
        "bin_conf": 0.47548353871770316
    },
    "10": {
        "count": 1857,
        "conf": 974.96750831604,
        "acc": 1005,
        "bin_acc": 0.5411954765751211,
        "bin_conf": 0.5250228908540873
    },
    "11": {
        "count": 1806,
        "conf": 1038.8880138397217,
        "acc": 1083,
        "bin_acc": 0.5996677740863787,
        "bin_conf": 0.5752425325801338
    },
    "12": {
        "count": 1782,
        "conf": 1113.4616392850876,
        "acc": 1161,
        "bin_acc": 0.6515151515151515,
        "bin_conf": 0.6248381814169964
    },
    "13": {
        "count": 1817,
        "conf": 1227.3691269159317,
        "acc": 1231,
        "bin_acc": 0.6774903687396808,
        "bin_conf": 0.6754920896620428
    },
    "14": {
        "count": 1897,
        "conf": 1375.7408906817436,
        "acc": 1414,
        "bin_acc": 0.7453874538745388,
        "bin_conf": 0.7252192359945934
    },
    "15": {
        "count": 2164,
        "conf": 1678.4520265460014,
        "acc": 1733,
        "bin_acc": 0.8008317929759704,
        "bin_conf": 0.7756247812134942
    },
    "16": {
        "count": 2374,
        "conf": 1960.7196655273438,
        "acc": 1974,
        "bin_acc": 0.83150800336984,
        "bin_conf": 0.8259139281918044
    },
    "17": {
        "count": 2919,
        "conf": 2558.0249884724617,
        "acc": 2589,
        "bin_acc": 0.8869475847893115,
        "bin_conf": 0.876336070048805
    },
    "18": {
        "count": 4423,
        "conf": 4101.988638520241,
        "acc": 4071,
        "bin_acc": 0.9204160072349085,
        "bin_conf": 0.9274222560525075
    },
    "19": {
        "count": 18942,
        "conf": 18698.797230243683,
        "acc": 18551,
        "bin_acc": 0.97935804033365,
        "bin_conf": 0.9871606604499885
    }
}