{
    "0": {
        "count": 1678,
        "conf": 53.98415944259614,
        "acc": 146,
        "bin_acc": 0.08700834326579261,
        "bin_conf": 0.03217172791573071
    },
    "1": {
        "count": 2452,
        "conf": 183.02387028560042,
        "acc": 249,
        "bin_acc": 0.10154975530179446,
        "bin_conf": 0.0746426877184341
    },
    "2": {
        "count": 2137,
        "conf": 264.9327419176698,
        "acc": 273,
        "bin_acc": 0.12774918109499298,
        "bin_conf": 0.12397414221697228
    },
    "3": {
        "count": 1757,
        "conf": 305.5192765444517,
        "acc": 251,
        "bin_acc": 0.14285714285714285,
        "bin_conf": 0.17388689615506642
    },
    "4": {
        "count": 1455,
        "conf": 325.9900851547718,
        "acc": 254,
        "bin_acc": 0.17457044673539518,
        "bin_conf": 0.2240481684912521
    },
    "5": {
        "count": 1162,
        "conf": 318.6718288362026,
        "acc": 239,
        "bin_acc": 0.20567986230636834,
        "bin_conf": 0.274244258895183
    },
    "6": {
        "count": 1038,
        "conf": 337.3994321525097,
        "acc": 244,
        "bin_acc": 0.2350674373795761,
        "bin_conf": 0.32504762249760083
    },
    "7": {
        "count": 924,
        "conf": 346.04237228631973,
        "acc": 258,
        "bin_acc": 0.2792207792207792,
        "bin_conf": 0.37450473191160144
    },
    "8": {
        "count": 830,
        "conf": 352.66275215148926,
        "acc": 256,
        "bin_acc": 0.30843373493975906,
        "bin_conf": 0.424894882110228
    },
    "9": {
        "count": 759,
        "conf": 360.6430022120476,
        "acc": 226,
        "bin_acc": 0.2977602108036891,
        "bin_conf": 0.4751554706351088
    },
    "10": {
        "count": 752,
        "conf": 394.9432380795479,
        "acc": 276,
        "bin_acc": 0.3670212765957447,
        "bin_conf": 0.5251904761696116
    },
    "11": {
        "count": 729,
        "conf": 419.35583513975143,
        "acc": 272,
        "bin_acc": 0.3731138545953361,
        "bin_conf": 0.5752480591766138
    },
    "12": {
        "count": 690,
        "conf": 431.19807183742523,
        "acc": 314,
        "bin_acc": 0.45507246376811594,
        "bin_conf": 0.6249247417933699
    },
    "13": {
        "count": 726,
        "conf": 489.3611606359482,
        "acc": 369,
        "bin_acc": 0.5082644628099173,
        "bin_conf": 0.6740511854489645
    },
    "14": {
        "count": 714,
        "conf": 517.6348147392273,
        "acc": 358,
        "bin_acc": 0.5014005602240896,
        "bin_conf": 0.7249787321277693
    },
    "15": {
        "count": 806,
        "conf": 624.4826710820198,
        "acc": 467,
        "bin_acc": 0.5794044665012407,
        "bin_conf": 0.7747923958833992
    },
    "16": {
        "count": 931,
        "conf": 769.4608480930328,
        "acc": 580,
        "bin_acc": 0.6229860365198711,
        "bin_conf": 0.8264885586391331
    },
    "17": {
        "count": 1286,
        "conf": 1127.648185491562,
        "acc": 912,
        "bin_acc": 0.7091757387247278,
        "bin_conf": 0.8768648409732207
    },
    "18": {
        "count": 2455,
        "conf": 2281.2847553491592,
        "acc": 2019,
        "bin_acc": 0.8224032586558044,
        "bin_conf": 0.9292402262114702
    },
    "19": {
        "count": 6719,
        "conf": 6534.066124200821,
        "acc": 6197,
        "bin_acc": 0.9223098675398125,
        "bin_conf": 0.9724759821700879
    }
}