{
    "model": "resnet50",
    "dataset": "imagenet-a",
    "test_error": 0.8886666666666667,
    "test_nll": 4.863308906555176,
    "ece": 0.3901425302028656,
    "ada ece": 0.39000967144966125,
    "class ece": 0.005353431683033705
}