{
    "model": "resnet50",
    "dataset": "imagenet",
    "test_error": 0.19896000000000003,
    "test_nll": 0.9443854093551636,
    "ece": 0.08722815662622452,
    "ada ece": 0.08722791820764542,
    "class ece": 0.00027119345031678677
}