{
    "model": "resnet50",
    "dataset": "imagenet-r",
    "test_error": 0.5940666666666667,
    "test_nll": 3.3569281101226807,
    "ece": 0.154826357960701,
    "ada ece": 0.15482580661773682,
    "class ece": 0.003155403072014451
}