{
    "model": "scaling_clip",
    "dataset": "imagenet-r",
    "test_error": 0.41080000000000005,
    "test_nll": 1.9692938327789307,
    "ece": 0.15356995165348053,
    "ada ece": 0.1535675972700119,
    "class ece": 0.002621153835207224
}