{
    "model": "scaling_clip",
    "dataset": "imagenet-a",
    "test_error": 0.8301333333333334,
    "test_nll": 5.214006423950195,
    "ece": 0.40075597167015076,
    "ada ece": 0.40074601769447327,
    "class ece": 0.005978006403893232
}