{
    "model": "SwimT",
    "dataset": "imagenet",
    "test_error": 0.16920000000000002,
    "test_nll": 0.7510226368904114,
    "ece": 0.05140327662229538,
    "ada ece": 0.050256382673978806,
    "class ece": 0.0002914094948209822
}