{
    "model": "SwimT",
    "dataset": "imagenet-a",
    "test_error": 0.6564,
    "test_nll": 3.1311118602752686,
    "ece": 0.2047865092754364,
    "ada ece": 0.20480041205883026,
    "class ece": 0.003611411899328232
}