{
    "model": "SwimT",
    "dataset": "imagenet-r",
    "test_error": 0.528,
    "test_nll": 2.8243210315704346,
    "ece": 0.08701411634683609,
    "ada ece": 0.0872788280248642,
    "class ece": 0.002506186021491885
}