{
    "model": "syn_clone",
    "dataset": "imagenet-r",
    "test_error": 0.7369333333333333,
    "test_nll": 3.946207046508789,
    "ece": 0.1066044345498085,
    "ada ece": 0.1066037192940712,
    "class ece": 0.003984247799962759
}