{
    "model": "syn_clone",
    "dataset": "imagenet",
    "test_error": 0.5710999999999999,
    "test_nll": 2.57006573677063,
    "ece": 0.029608000069856644,
    "ada ece": 0.02954714559018612,
    "class ece": 0.0005086392047815025
}