{
    "model": "synclr",
    "dataset": "imagenet-r",
    "test_error": 0.43553333333333333,
    "test_nll": 2.1736812591552734,
    "ece": 0.07417356967926025,
    "ada ece": 0.07417184859514236,
    "class ece": 0.0025820371229201555
}