{
    "model": "synclr",
    "dataset": "imagenet",
    "test_error": 0.19543999999999995,
    "test_nll": 0.7324380278587341,
    "ece": 0.012363246642053127,
    "ada ece": 0.011877507902681828,
    "class ece": 0.00024693727027624846
}