{
    "model": "synclr",
    "dataset": "imagenet-a",
    "test_error": 0.6981333333333333,
    "test_nll": 3.246021032333374,
    "ece": 0.23969513177871704,
    "ada ece": 0.23968788981437683,
    "class ece": 0.0041245766915380955
}