{
    "model": "vit-b",
    "dataset": "imagenet-r",
    "test_error": 0.6266666666666667,
    "test_nll": 3.412907600402832,
    "ece": 0.06268271058797836,
    "ada ece": 0.06268206238746643,
    "class ece": 0.003069455036893487
}