{
    "model": "vit-b",
    "dataset": "imagenet",
    "test_error": 0.23216000000000003,
    "test_nll": 0.9691487550735474,
    "ece": 0.055307965725660324,
    "ada ece": 0.05519770830869675,
    "class ece": 0.00026418108609505
}