{
    "model": "vit-b",
    "dataset": "imagenet-a",
    "test_error": 0.8862666666666666,
    "test_nll": 4.657031536102295,
    "ece": 0.2967219948768616,
    "ada ece": 0.29629436135292053,
    "class ece": 0.00476223137229681
}