{
    "model_name": "CLIP",
    "dataset": "cue_conflict",
    "shape_bias": 0.47243243243243244,
    "shape_bias_per_cat": {
        "airplane": 0.45714285714285713,
        "bear": 0.42857142857142855,
        "bicycle": 0.6666666666666666,
        "bird": 0.7241379310344828,
        "boat": 0.36363636363636365,
        "bottle": 0.39999999999999997,
        "car": 0.4210526315789474,
        "cat": 0.4761904761904762,
        "chair": 0.33333333333333337,
        "clock": 0.4789915966386555,
        "dog": 0.48214285714285715,
        "elephant": 0.5576923076923077,
        "keyboard": 0.25,
        "knife": 0.25,
        "oven": 0.761904761904762,
        "truck": 0.7058823529411764
    }
}