{
    "model_name": "ConvNext",
    "dataset": "cue_conflict",
    "shape_bias": 0.33297872340425533,
    "shape_bias_per_cat": {
        "airplane": 0.2727272727272727,
        "bear": 0.17142857142857143,
        "bicycle": 0.5901639344262295,
        "bird": 0.5833333333333334,
        "boat": 0.07692307692307693,
        "bottle": 0.36936936936936937,
        "car": 0.3827160493827161,
        "cat": 0.33333333333333337,
        "chair": 0.26582278481012656,
        "clock": 0.4789915966386554,
        "dog": 0.28571428571428575,
        "elephant": 0.12048192771084337,
        "keyboard": 0.23728813559322032,
        "knife": 0.14893617021276595,
        "oven": 0.4848484848484848,
        "truck": 0.5
    }
}