{
    "model_name": "DeiT",
    "dataset": "cue_conflict",
    "shape_bias": 0.4829157175398633,
    "shape_bias_per_cat": {
        "airplane": 0.8125,
        "bear": 0.2830188679245283,
        "bicycle": 0.8431372549019608,
        "bird": 0.6,
        "boat": 0.25,
        "bottle": 0.4608695652173913,
        "car": 0.6545454545454545,
        "cat": 0.45454545454545453,
        "chair": 0.48717948717948717,
        "clock": 0.56,
        "dog": 0.3023255813953489,
        "elephant": 0.21978021978021978,
        "keyboard": 0.4032258064516129,
        "knife": 0.3846153846153846,
        "oven": 0.6166666666666666,
        "truck": 0.6212121212121212
    }
}