{
    "model_name": "dino",
    "dataset": "cue_conflict",
    "shape_bias": 0.5121654501216545,
    "shape_bias_per_cat": {
        "airplane": 0.8181818181818182,
        "bear": 0.29333333333333333,
        "bicycle": 0.9090909090909091,
        "bird": 1.0,
        "boat": 0.06666666666666667,
        "bottle": 0.4521739130434783,
        "car": 0.5882352941176471,
        "cat": 0.5135135135135135,
        "chair": 0.4197530864197531,
        "clock": 0.6100000000000001,
        "dog": 0.5263157894736842,
        "elephant": 0.3432835820895523,
        "keyboard": 0.3448275862068966,
        "knife": 0.39215686274509803,
        "oven": 0.7333333333333334,
        "truck": 0.9428571428571428
    }
}