{
    "model_name": "mae",
    "dataset": "cue_conflict",
    "shape_bias": 0.2919254658385093,
    "shape_bias_per_cat": {
        "airplane": 0,
        "bear": 0.1627906976744186,
        "bicycle": 1.0,
        "bird": 0.18749999999999997,
        "boat": 0.0,
        "bottle": 0.40909090909090906,
        "car": 0.6666666666666666,
        "cat": 0.1323529411764706,
        "chair": 0.396551724137931,
        "clock": 0.463768115942029,
        "dog": 0.25,
        "elephant": 0.0,
        "keyboard": 0.8,
        "knife": 0.02857142857142857,
        "oven": 0.8888888888888888,
        "truck": 1.0
    }
}