{
    "model_name": "mocov3",
    "dataset": "cue_conflict",
    "shape_bias": 0.48257839721254353,
    "shape_bias_per_cat": {
        "airplane": 0.5,
        "bear": 0.16666666666666669,
        "bicycle": 0.7916666666666667,
        "bird": 0.2,
        "boat": 0.2941176470588235,
        "bottle": 0.6428571428571428,
        "car": 1.0,
        "cat": 0.5714285714285714,
        "chair": 0.4444444444444445,
        "clock": 0.5575221238938053,
        "dog": 0.23529411764705882,
        "elephant": 0.07575757575757576,
        "keyboard": 0.5,
        "knife": 0.29032258064516125,
        "oven": 0.6666666666666667,
        "truck": 0.823529411764706
    }
}