{
    "model_name": "resnet50",
    "dataset": "cue_conflict",
    "shape_bias": 0.20990873533246412,
    "shape_bias_per_cat": {
        "airplane": 0.42857142857142855,
        "bear": 0.1,
        "bicycle": 0.3636363636363636,
        "bird": 0.0,
        "boat": 0.07317073170731707,
        "bottle": 0.25806451612903225,
        "car": 0.4888888888888889,
        "cat": 0.12903225806451613,
        "chair": 0.125,
        "clock": 0.388235294117647,
        "dog": 0.13725490196078433,
        "elephant": 0.038461538461538464,
        "keyboard": 0.20833333333333331,
        "knife": 0.04761904761904762,
        "oven": 0.14285714285714288,
        "truck": 0.421875
    }
}