{
    "model_name": "SwimT",
    "dataset": "cue_conflict",
    "shape_bias": 0.22155688622754494,
    "shape_bias_per_cat": {
        "airplane": 0.375,
        "bear": 0.12962962962962962,
        "bicycle": 0.4444444444444445,
        "bird": 0.41666666666666663,
        "boat": 0.05714285714285715,
        "bottle": 0.3163265306122449,
        "car": 0.2542372881355932,
        "cat": 0.14583333333333334,
        "chair": 0.15151515151515152,
        "clock": 0.3689320388349514,
        "dog": 0.14285714285714285,
        "elephant": 0.075,
        "keyboard": 0.21428571428571427,
        "knife": 0.06451612903225806,
        "oven": 0.14035087719298248,
        "truck": 0.3962264150943396
    }
}