{
    "model_name": "syn_clone",
    "dataset": "cue_conflict",
    "shape_bias": 0.19330289193302894,
    "shape_bias_per_cat": {
        "airplane": 0.2828282828282828,
        "bear": 0.051724137931034475,
        "bicycle": 0.35714285714285715,
        "bird": 0.125,
        "boat": 0.0,
        "bottle": 0.27380952380952384,
        "car": 0.15625,
        "cat": 0.15384615384615383,
        "chair": 0.0,
        "clock": 0.28431372549019607,
        "dog": 0.16666666666666666,
        "elephant": 0.016129032258064516,
        "keyboard": 0.1111111111111111,
        "knife": 0.0,
        "oven": 0.11320754716981134,
        "truck": 0.7999999999999999
    }
}