{
    "model_name": "synclr",
    "dataset": "cue_conflict",
    "shape_bias": 0.455919395465995,
    "shape_bias_per_cat": {
        "airplane": 0.8125,
        "bear": 0.2857142857142857,
        "bicycle": 0.9473684210526315,
        "bird": 0.8333333333333334,
        "boat": 0.125,
        "bottle": 0.4639175257731959,
        "car": 0.725,
        "cat": 0.43859649122807015,
        "chair": 0.3181818181818182,
        "clock": 0.5217391304347826,
        "dog": 0.3214285714285714,
        "elephant": 0.10144927536231885,
        "keyboard": 0.3142857142857143,
        "knife": 0.2830188679245283,
        "oven": 0.8846153846153846,
        "truck": 0.8529411764705883
    }
}