{
    "model_name": "vit-b",
    "dataset": "cue_conflict",
    "shape_bias": 0.33859397417503584,
    "shape_bias_per_cat": {
        "airplane": 0.4285714285714286,
        "bear": 0.10909090909090909,
        "bicycle": 0.5714285714285714,
        "bird": 0.4666666666666667,
        "boat": 0.18181818181818182,
        "bottle": 0.48,
        "car": 0.9090909090909091,
        "cat": 0.27272727272727276,
        "chair": 0.21052631578947367,
        "clock": 0.5697674418604651,
        "dog": 0.14,
        "elephant": 0.038461538461538464,
        "keyboard": 0.2631578947368421,
        "knife": 0.29268292682926833,
        "oven": 0.2857142857142857,
        "truck": 0.40540540540540543
    }
}